,Title,Price,Processor,Ram(GBs),Storage(GBs),Display(cm),Operating System,Brand,Processor Brand
0,Acer NITRO LITE 16 Intel Core i7 13th Gen 13620H - (16 GB/512 GB SSD/Windows 11 Home/6 GB Graphics/NVI...,69990.0,Intel Core i7 Processor (13th Gen),16,512,40.64,1,ACER,INTEL
1,Acer NITRO LITE 16 Intel Core i5 13th Gen 13420H - (16 GB/512 GB SSD/Windows 11 Home/6 GB Graphics/NVI...,59990.0,Intel Core i5 Processor (13th Gen),16,512,40.64,1,ACER,INTEL
2,MSI Thin A15 AMD Ryzen 5 Hexa Core 7535HS - (16 GB/512 GB SSD/Windows 11 Home/4 GB Graphics/NVIDIA GeF...,57990.0,AMD Ryzen 5 Hexa Core Processor,16,512,39.62,1,MSI,AMD
3,Lenovo LOQ Intel Core i7 13th Gen 13650HX - (24 GB/512 GB SSD/Windows 11 Home/8 GB Graphics/NVIDIA GeF...,104990.0,Intel Core i7 Processor (13th Gen),24,512,39.62,1,LENOVO,INTEL
4,ASUS TUF Gaming A15 (2025) AMD Ryzen 7 Hexa Core 7445HS - (16 GB/512 GB SSD/Windows 11 Home/4 GB Graph...,74250.0,AMD Ryzen 7 Hexa Core Processor,16,512,39.62,1,ASUS,AMD
5,DELL Inspiron Intel Core i5 13th Gen 13450HX - (16 GB/512 GB SSD/Windows 11 Home/6 GB Graphics/NVIDIA ...,69990.0,Intel Core i5 Processor (13th Gen),16,512,39.62,1,DELL,INTEL
6,ASUS TUF Gaming F16 (2025) with Office 2024 + M365 Basic* Intel Core i5 13th Gen 13450HX - (16 GB/1 TB...,105301.0,Intel Core i5 Processor (13th Gen),16,1024,40.64,1,ASUS,INTEL
7,"ASUS Gaming V16 (2025) for Creator with Office 2024 + M365 Basic*,AI PC((i5 14th gen) Intel Core 5 210...",88317.0,Intel Core 5 Processor,16,512,40.64,1,ASUS,INTEL
8,MSI Thin A15 AMD Ryzen 5 Hexa Core 7535HS - (16 GB/512 GB SSD/Windows 11 Home/4 GB Graphics/NVIDIA GeF...,62990.0,AMD Ryzen 5 Hexa Core Processor,16,512,39.62,1,MSI,AMD
9,Acer Aspire 7 Intel Core i5 12th Gen 12450H - (8 GB/512 GB SSD/Windows 11 Home/4 GB Graphics/NVIDIA Ge...,51990.0,Intel Core i5 Processor (12th Gen),8,512,39.62,1,ACER,INTEL
10,Acer Nitro V AMD Ryzen 5 Hexa Core 6600H - (16 GB/512 GB SSD/Windows 11 Home/6 GB Graphics/NVIDIA GeFo...,62990.0,AMD Ryzen 5 Hexa Core Processor,16,512,39.62,1,ACER,AMD
11,Lenovo LOQ Intel Core i5 13th Gen 13450HX - (16 GB/512 GB SSD/Windows 11 Home/6 GB Graphics/NVIDIA GeF...,86990.0,Intel Core i5 Processor (13th Gen),16,512,39.62,1,LENOVO,INTEL
12,Acer Nitro V 15 Intel Core 5 210H - (16 GB/512 GB SSD/Windows 11 Home/6 GB Graphics/NVIDIA GeForce RTX...,79990.0,Intel Core 5 Processor,16,512,39.62,1,ACER,INTEL
13,DELL G15 Intel Core i5 13th Gen 13450HX - (16 GB/1 TB SSD/Windows 11 Home/6 GB Graphics/NVIDIA GeForce...,77787.0,Intel Core i5 Processor (13th Gen),16,1024,39.62,1,DELL,INTEL
14,Lenovo LOQ AMD Ryzen 7 Octa Core 7435HS - (24 GB/512 GB SSD/Windows 11 Home/4 GB Graphics/NVIDIA GeFor...,71290.0,AMD Ryzen 7 Octa Core Processor,24,512,39.62,1,LENOVO,AMD
15,HP Victus Intel Core i5 14th Gen 14450HX - (16 GB/512 GB SSD/Windows 11 Home/6 GB Graphics/NVIDIA GeFo...,75000.0,Intel Core i5 Processor (14th Gen),16,512,40.89,1,HP,INTEL
16,Acer Aspire 7 Intel Core i5 13th Gen 13420H - (16 GB/512 GB SSD/Windows 11 Home/4 GB Graphics/NVIDIA G...,60990.0,Intel Core i5 Processor (13th Gen),16,512,39.62,1,ACER,INTEL
17,Lenovo LOQ AMD Ryzen 5 Quad Core 7235HS - (12 GB/512 GB SSD/Windows 11 Home/6 GB Graphics/NVIDIA GeFor...,68990.0,AMD Ryzen 5 Quad Core Processor,12,512,39.62,1,LENOVO,AMD
18,ASUS TUF Gaming F15 - AI Powered Gaming Intel Core i5 11th Gen 11260H - (8 GB/512 GB SSD/Windows 11 Ho...,48990.0,Intel Core i5 Processor (11th Gen),8,512,39.62,1,ASUS,INTEL
19,HP Victus AMD Ryzen 7 Hexa Core 7445HS - (16 GB/512 GB SSD/Windows 11 Home/4 GB Graphics/NVIDIA GeForc...,59999.0,AMD Ryzen 7 Hexa Core Processor,16,512,39.62,1,HP,AMD
20,Lenovo LOQ AMD Ryzen 5 Quad Core 7235HS - (24 GB/512 GB SSD/Windows 11 Home/6 GB Graphics/NVIDIA GeFor...,71990.0,AMD Ryzen 5 Quad Core Processor,24,512,39.62,1,LENOVO,AMD
21,MSI Thin 15 Intel Core i7 13th Gen 13620H - (16 GB/512 GB SSD/Windows 11 Home/4 GB Graphics/NVIDIA GeF...,72500.0,Intel Core i7 Processor (13th Gen),16,512,39.62,1,MSI,INTEL
22,Acer Nitro V AMD Ryzen 7 Octa Core 7735HS - (16 GB/512 GB SSD/Windows 11 Home/6 GB Graphics/NVIDIA GeF...,69750.0,AMD Ryzen 7 Octa Core Processor,16,512,39.62,1,ACER,AMD
23,ASUS TUF Gaming A15 AMD Ryzen 7 Hexa Core 7435HS - (16 GB/512 GB SSD/Windows 11 Home/4 GB Graphics/NVI...,71900.0,AMD Ryzen 7 Hexa Core Processor,16,512,39.62,1,ASUS,AMD
24,Lenovo LOQ Intel Core i5 13th Gen 13450HX - (16 GB/512 GB SSD/Windows 11 Home/6 GB Graphics/NVIDIA GeF...,82990.0,Intel Core i5 Processor (13th Gen),16,512,39.62,1,LENOVO,INTEL
25,Lenovo LOQ AMD Ryzen 5 Quad Core 7235HS - (24 GB/512 GB SSD/Windows 11 Home/4 GB Graphics/NVIDIA GeFor...,68990.0,AMD Ryzen 5 Quad Core Processor,24,512,39.62,1,LENOVO,AMD
26,ASUS TUF Gaming A15 (2025) AMD Ryzen 7 Octa Core 7435HS - (16 GB/1 TB SSD/Windows 11 Home/4 GB Graphic...,71990.0,AMD Ryzen 7 Octa Core Processor,16,1024,39.62,1,ASUS,AMD
27,ASUS ROG Strix G15 AMD Ryzen 7 Octa Core 6800HS - (16 GB/512 GB SSD/Windows 11 Home/4 GB Graphics/NVID...,88000.0,AMD Ryzen 7 Octa Core Processor,16,512,39.62,1,ASUS,AMD
28,Lenovo LOQ Intel Core i5 13th Gen 13450HX - (24 GB/512 GB SSD/Windows 11 Home/4 GB Graphics/NVIDIA GeF...,78990.0,Intel Core i5 Processor (13th Gen),24,512,39.62,1,LENOVO,INTEL
29,ASUS ROG Strix G16 (2025) with Office 2024 + M365 Basic* Intel Core Ultra 9 275HX - (16 GB/1 TB SSD/Wi...,204990.0,Intel Core Ultra 9 Processor,16,1024,40.64,1,ASUS,INTEL
30,ASUS Vivobook 16X (2025) with Office 2024 + M365 Basic* Intel Core i5 13th Gen 13420H - (16 GB/512 GB ...,69990.0,Intel Core i5 Processor (13th Gen),16,512,40.64,1,ASUS,INTEL
31,Acer Aspire 7 Intel Core i5 13th Gen 13420H - (16 GB/512 GB SSD/Windows 11 Home/6 GB Graphics/NVIDIA G...,62990.0,Intel Core i5 Processor (13th Gen),16,512,39.62,1,ACER,INTEL
32,ASUS TUF Gaming A15 AMD Ryzen 7 Hexa Core 7435HS - (16 GB/512 GB SSD/Windows 11 Home/6 GB Graphics/NVI...,98990.0,AMD Ryzen 7 Hexa Core Processor,16,512,39.62,1,ASUS,AMD
33,HP Victus Intel Core i5 14th Gen 14450HX - (24 GB/512 GB SSD/Windows 11 Home/6 GB Graphics/NVIDIA GeFo...,89990.0,Intel Core i5 Processor (14th Gen),24,512,39.62,1,HP,INTEL
34,Acer Aspire 7 Intel Core i5 12th Gen 1240P - (8 GB/512 GB SSD/Windows 11 Home/4 GB Graphics/NVIDIA GeF...,55400.0,Intel Core i5 Processor (12th Gen),8,512,39.62,1,ACER,INTEL
35,Acer Nitro V 15 Intel Core i5 13th Gen 13420H - (16 GB/512 GB SSD/Windows 11 Home/8 GB Graphics/NVIDIA...,89990.0,Intel Core i5 Processor (13th Gen),16,512,39.62,1,ACER,INTEL
36,ASUS TUF Gaming A16 (2025) AMD Ryzen 7 Hexa Core 7445HS - (16 GB/1 TB SSD/Windows 11 Home/6 GB Graphic...,111990.0,AMD Ryzen 7 Hexa Core Processor,16,1024,40.64,1,ASUS,AMD
37,Lenovo LOQ Essential Intel Core i5 12th Gen 12450HX - (16 GB/512 GB SSD/Windows 11 Home/4 GB Graphics/...,62000.0,Intel Core i5 Processor (12th Gen),16,512,39.62,1,LENOVO,INTEL
38,ASUS TUF Gaming F17 - AI Powered Gaming Intel Core i5 11th Gen 11400H - (16 GB/512 GB SSD/Windows 11 H...,50990.0,Intel Core i5 Processor (11th Gen),16,512,43.94,1,ASUS,INTEL
39,HP Victus AMD Ryzen 7 Octa Core 260 - (24 GB/1 TB SSD/Windows 11 Home/8 GB Graphics/NVIDIA GeForce RTX...,99990.0,AMD Ryzen 7 Octa Core Processor,24,1024,39.62,1,HP,AMD
40,MSI Raider 18 HX AI Intel Core Ultra 9 285HX - (64 GB/4 TB SSD/Windows 11 Home/16 GB Graphics/NVIDIA G...,429990.0,Intel Core Ultra 9 Processor,64,4096,45.72,1,MSI,INTEL
41,ASUS TUF Gaming A16 (2025) with Office 2024 + M365 Basic* AMD Ryzen 9 16 Core 8940HX - (16 GB/1 TB SSD...,189990.0,AMD Ryzen 9 16 Core Processor,16,1024,40.64,1,ASUS,AMD
42,ASUS TUF Gaming A15 (2025) AMD Ryzen 7 Hexa Core 7445HS - (16 GB/1 TB SSD/Windows 11 Home/4 GB Graphic...,76490.0,AMD Ryzen 7 Hexa Core Processor,16,1024,39.62,1,ASUS,AMD
43,Lenovo LOQ 2025 AMD Ryzen 7 Octa Core 250 - (24 GB/1 TB SSD/Windows 11 Home/8 GB Graphics/NVIDIA GeFor...,115990.0,AMD Ryzen 7 Octa Core Processor,24,1024,39.62,1,LENOVO,AMD
44,ASUS TUF Gaming A15 AMD Ryzen 7 Octa Core 7435HS - (16 GB/512 GB SSD/Windows 11 Home/4 GB Graphics/NVI...,55990.0,AMD Ryzen 7 Octa Core Processor,16,512,39.62,1,ASUS,AMD
45,HP OMEN Intel Core i7 14th Gen 14650HX - (16 GB/1 TB SSD/Windows 11 Home/8 GB Graphics/NVIDIA GeForce ...,114000.0,Intel Core i7 Processor (14th Gen),16,1024,40.89,1,HP,INTEL
46,MSI Cyborg 15 Intel Core i5 12th Gen 12450H - (16 GB/512 GB SSD/Windows 11 Home/4 GB Graphics/NVIDIA G...,58990.0,Intel Core i5 Processor (12th Gen),16,512,39.62,1,MSI,INTEL
47,Lenovo LOQ Intel Core i5 12th Gen 12450HX - (16 GB/512 GB SSD/Windows 11 Home/6 GB Graphics/NVIDIA GeF...,72990.0,Intel Core i5 Processor (12th Gen),16,512,39.62,1,LENOVO,INTEL
48,Lenovo LOQ Essential Intel Core i7 12th Gen 12650HX - (12 GB/512 GB SSD/Windows 11 Home/6 GB Graphics/...,79990.0,Intel Core i7 Processor (12th Gen),12,512,39.62,1,LENOVO,INTEL
49,Lenovo LOQ Essential Intel Core i5 12th Gen 12450HX - (12 GB/512 GB SSD/Windows 11 Home/4 GB Graphics/...,58990.0,Intel Core i5 Processor (12th Gen),12,512,39.62,1,LENOVO,INTEL
50,MSI Katana 15 HX B14 Intel Core i7 14650HX - (16 GB/512 GB SSD/Windows 11 Home/8 GB Graphics/NVIDIA Ge...,106190.0,Intel Core i7 Processor,16,512,39.62,1,MSI,INTEL
51,Lenovo LOQ 2025 Intel Core i7 13th Gen 13700HX - (16 GB/1 TB SSD/Windows 11 Home/8 GB Graphics/NVIDIA ...,118990.0,Intel Core i7 Processor (13th Gen),16,1024,39.62,1,LENOVO,INTEL
52,HP Victus Intel Core i5 13th Gen 13420H - (16 GB/512 GB SSD/Windows 11 Home/6 GB Graphics/NVIDIA GeFor...,70990.0,Intel Core i5 Processor (13th Gen),16,512,39.62,1,HP,INTEL
53,HP AMD Ryzen 5 Octa Core 8th Gen - (16 GB/512 GB SSD/Windows 11 Home/6 GB Graphics/NVIDIA GeForce RTX ...,65990.0,AMD Ryzen 5 Octa Core Processor (8th Gen),16,512,39.62,1,HP,AMD
54,"ASUS Gaming V16 (2025) with Office 2024 + M365 Basic*, AI PC, (i7 14th gen) Intel Core 7 240H - (16 GB...",105190.0,Intel Core 7 Processor,16,512,40.64,1,ASUS,INTEL
55,Lenovo Legion 5 AMD Ryzen 7 Octa Core 260 - (16 GB/1 TB SSD/Windows 11 Home/8 GB Graphics/NVIDIA GeFor...,192390.0,AMD Ryzen 7 Octa Core Processor,16,1024,39.62,1,LENOVO,AMD
56,Acer Predator Neo Intel Core i5 13th Gen 13500HX - (16 GB/512 GB SSD/Windows 11 Home/6 GB Graphics/NVI...,91990.0,Intel Core i5 Processor (13th Gen),16,512,40.64,1,ACER,INTEL
57,HP AMD Ryzen 5 Hexa Core - (8 GB/512 GB SSD/Windows 11 Home/4 GB Graphics/NVIDIA GeForce RTX 3050/144 ...,71500.0,AMD Ryzen 5 Hexa Core Processor,8,512,39.62,1,HP,AMD
58,MSI Thin 15 Intel Core i5 13th Gen 13420H - (16 GB/512 GB SSD/Windows 11 Home/6 GB Graphics/NVIDIA GeF...,67990.0,Intel Core i5 Processor (13th Gen),16,512,39.62,1,MSI,INTEL
59,HP Victus AMD Ryzen 7 Hexa Core 7445HS - (16 GB/512 GB SSD/Windows 11 Home/6 GB Graphics/NVIDIA GeForc...,81990.0,AMD Ryzen 7 Hexa Core Processor,16,512,39.62,1,HP,AMD
60,Lenovo LOQ 2025 Intel Core i7 13th Gen 13700HX - (16 GB/1 TB SSD/Windows 11 Home/8 GB Graphics/NVIDIA ...,127990.0,Intel Core i7 Processor (13th Gen),16,1024,39.62,1,LENOVO,INTEL
61,MSI Pulse 17 Intel Core i7 13th Gen 13700H - (16 GB/1 TB SSD/Windows 11 Home/8 GB Graphics/NVIDIA GeFo...,195990.0,Intel Core i7 Processor (13th Gen),16,1024,43.94,1,MSI,INTEL
62,GIGABYTE G Series Intel Core i7 13th Gen 13620H - (16 GB/1 TB SSD/Windows 11 Home/6 GB Graphics/NVIDIA...,90990.0,Intel Core i7 Processor (13th Gen),16,1024,40.64,1,GIGABYTE,INTEL
63,HP Victus AI 31 TOPS AMD Ryzen 5 Hexa Core 8645HS - (16 GB/512 GB SSD/Windows 11 Home/4 GB Graphics/NV...,60990.0,AMD Ryzen 5 Hexa Core Processor,16,512,39.62,1,HP,AMD
64,MSI Thin A15 AMD Ryzen 7 Octa Core 7735HS - (16 GB/1 TB SSD/Windows 11 Home/4 GB Graphics/NVIDIA GeFor...,77990.0,AMD Ryzen 7 Octa Core Processor,16,1024,39.62,1,MSI,AMD
65,Acer Aspire 7 Intel Core i5 13th Gen 13420H - (8 GB/512 GB SSD/Windows 11 Home/4 GB Graphics/NVIDIA Ge...,71990.0,Intel Core i5 Processor (13th Gen),8,512,39.62,1,ACER,INTEL
66,ASUS TUF Gaming A15 AMD Ryzen 5 Hexa Core 7535HS - (16 GB/512 GB SSD/Windows 11 Home/4 GB Graphics/NVI...,57990.0,AMD Ryzen 5 Hexa Core Processor,16,512,39.62,1,ASUS,AMD
67,Lenovo Legion Pro 5 AMD Ryzen 9 16 Core 9955HX - (32 GB/1 TB SSD/Windows 11 Home/8 GB Graphics/NVIDIA ...,194990.0,AMD Ryzen 9 16 Core Processor,32,1024,40.64,1,LENOVO,AMD
68,"ASUS Vivobook 16X for Creator, Intel Core i5 12th Gen 12500H - (16 GB/512 GB SSD/Windows 11 Home/4 GB ...",65990.0,Intel Core i5 Processor (12th Gen),16,512,40.64,1,ASUS,INTEL
69,Lenovo IdeaPad Gaming 3 AMD Ryzen 7 Octa Core 6800H - (16 GB/512 GB SSD/Windows 11 Home/4 GB Graphics/...,89990.0,AMD Ryzen 7 Octa Core Processor,16,512,39.62,1,LENOVO,AMD
70,Lenovo LOQ 2025 Intel Core i7 14th Gen 14700HX - (16 GB/1 TB SSD/Windows 11 Home/8 GB Graphics/NVIDIA ...,125990.0,Intel Core i7 Processor (14th Gen),16,1024,39.62,1,LENOVO,INTEL
71,DELL G15 Intel Core i5 13th Gen 13450HX - (16 GB/512 GB SSD/Windows 11 Home/6 GB Graphics/NVIDIA GeFor...,92990.0,Intel Core i5 Processor (13th Gen),16,512,39.62,1,DELL,INTEL
72,MSI Thin 15 Intel Core i5 13th Gen 13420H - (16 GB/512 GB SSD/Windows 11 Home/4 GB Graphics/NVIDIA GeF...,66990.0,Intel Core i5 Processor (13th Gen),16,512,39.62,1,MSI,INTEL
73,MSI Delta 15 AMD Advantage Edition AMD Ryzen 9 Octa Core 5th Gen 5900HX - (16 GB/1 TB SSD/Windows 11 H...,187200.0,AMD Ryzen 9 Octa Core Processor (5th Gen),16,1024,39.62,1,MSI,AMD
74,ASUS TUF Gaming A17 AMD Ryzen 5 Hexa Core AMD R5-4600H - (8 GB/512 GB SSD/Windows 10 Home/4 GB Graphic...,62990.0,AMD Ryzen 5 Hexa Core Processor,8,512,43.94,1,ASUS,AMD
75,MSI Thin 15 Intel Core i5 12th Gen 12450H - (16 GB/512 GB SSD/Windows 11 Home/4 GB Graphics/NVIDIA GeF...,66990.0,Intel Core i5 Processor (12th Gen),16,512,39.62,1,MSI,INTEL
76,HP Victus Intel Core i5 13th Gen 13420H - (16 GB/512 GB SSD/Windows 11 Home/6 GB Graphics/NVIDIA GeFor...,79900.0,Intel Core i5 Processor (13th Gen),16,512,39.62,1,HP,INTEL
77,MSI Vector A18 HX AMD Ryzen 9 16 Core 9955HX - (32 GB/2 TB SSD/Windows 11 Home/12 GB Graphics/NVIDIA G...,269990.0,AMD Ryzen 9 16 Core Processor,32,2048,45.72,1,MSI,AMD
78,MSI Crosshair 16 HX AI Intel Core Ultra 9 275HX - (16 GB/1 TB SSD/Windows 11 Home/8 GB Graphics/NVIDIA...,164990.0,Intel Core Ultra 9 Processor,16,1024,40.64,1,MSI,INTEL
79,HP Omen Intel Core i7 13th Gen 13700HX - (16 GB/512 GB SSD/Windows 11 Home/6 GB Graphics/NVIDIA GeForc...,99599.0,Intel Core i7 Processor (13th Gen),16,512,40.89,1,HP,INTEL
80,Acer Nitro 5 Intel Core i5 12th Gen 12500H - (16 GB/512 GB SSD/Windows 11 Home/4 GB Graphics/NVIDIA Ge...,65999.0,Intel Core i5 Processor (12th Gen),16,512,39.62,1,ACER,INTEL
81,HP HP Pavilion AMD Ryzen 5 Hexa Core AMD R5-4600H - (8 GB/512 GB SSD/Windows 10 Home/4 GB Graphics/NVI...,68990.0,AMD Ryzen 5 Hexa Core Processor,8,512,39.62,1,HP,AMD
82,MSI Crosshair 16 HX Intel Core i7 14th Gen 14700HX - (16 GB/1 TB SSD/Windows 11 Home/8 GB Graphics/NVI...,138990.0,Intel Core i7 Processor (14th Gen),16,1024,40.64,1,MSI,INTEL
83,HP Victus Intel Core i5 13th Gen 13420H - (16 GB/512 GB SSD/Windows 11 Home/6 GB Graphics/NVIDIA GeFor...,84999.0,Intel Core i5 Processor (13th Gen),16,512,39.62,1,HP,INTEL
84,MSI Katana 15 HX B14 Intel Core i5 14450HX - (16 GB/512 GB SSD/Windows 11 Home/8 GB Graphics/NVIDIA Ge...,102990.0,Intel Core i5 Processor,16,512,39.62,1,MSI,INTEL
85,MSI Thin A15 AMD Ryzen 5 Hexa Core 7535HS - (8 GB/512 GB SSD/Windows 11 Home/4 GB Graphics/NVIDIA GeFo...,61990.0,AMD Ryzen 5 Hexa Core Processor,8,512,39.62,1,MSI,AMD
86,MSI Katana 15 Intel Core i5 13th Gen 13420H - (16 GB/1 TB SSD/Windows 11 Home/6 GB Graphics/NVIDIA GeF...,79990.0,Intel Core i5 Processor (13th Gen),16,1024,39.62,1,MSI,INTEL
87,Acer Aspire 7 Intel Core i7 13th Gen 13620H - (16 GB/512 GB SSD/Windows 11 Home/6 GB Graphics/NVIDIA G...,72990.0,Intel Core i7 Processor (13th Gen),16,512,39.62,1,ACER,INTEL
88,HP Victus Intel Core i7 13th Gen 13620H - (16 GB/512 GB SSD/Windows 11 Home/6 GB Graphics/NVIDIA GeFor...,86990.0,Intel Core i7 Processor (13th Gen),16,512,39.62,1,HP,INTEL
89,GIGABYTE G Series Intel Core i7 13th Gen 13620H - (16 GB/1 TB SSD/Windows 11 Home/8 GB Graphics/NVIDIA...,161990.0,Intel Core i7 Processor (13th Gen),16,1024,40.64,1,GIGABYTE,INTEL
90,HP Victus Intel Core i5 12th Gen 12450H - (16 GB/512 GB SSD/Windows 11 Home/4 GB Graphics/NVIDIA GeFor...,69990.0,Intel Core i5 Processor (12th Gen),16,512,39.62,1,HP,INTEL
91,ASUS TUF Gaming A15 (2025) AMD Ryzen 7 Hexa Core 7445HS - (16 GB/512 GB SSD/Windows 11 Home/4 GB Graph...,72990.0,AMD Ryzen 7 Hexa Core Processor,16,512,39.62,1,ASUS,AMD
92,Acer Aspire 7 Intel Core 5 210H - (16 GB/512 GB SSD/Windows 11 Home/6 GB Graphics/NVIDIA GeForce RTX 4...,74990.0,Intel Core 5 Processor,16,512,39.62,1,ACER,INTEL
93,MSI Vector GP68HX Intel Core i7 13th Gen 13700HX - (16 GB/1 TB SSD/Windows 11 Home/8 GB Graphics/NVIDI...,229990.0,Intel Core i7 Processor (13th Gen),16,1024,40.64,1,MSI,INTEL
94,HP OMEN Slim Intel Core Ultra 7 255H - (24 GB/1 TB SSD/Windows 11 Home/8 GB Graphics/NVIDIA GeForce RT...,144990.0,Intel Core Ultra 7 Processor,24,1024,40.64,1,HP,INTEL
95,MSI CYBORG Intel Core Ultra 5 14 CORE - (16 GB/1 TB SSD/Windows 11 Home/6 GB Graphics/NVIDIA GeForce R...,82990.0,Intel Core Ultra 5 Processor,16,1024,39.62,1,MSI,INTEL
96,Acer Nitro 5 Intel Core i7 12th Gen 12650H - (16 GB/1 TB SSD/Windows 11 Home/8 GB Graphics/NVIDIA GeFo...,92990.0,Intel Core i7 Processor (12th Gen),16,1024,39.62,1,ACER,INTEL
97,Acer Aspire 7 Intel Core i5 12th Gen 1240P - (8 GB/512 GB SSD/Windows 11 Home/4 GB Graphics/NVIDIA GeF...,72990.0,Intel Core i5 Processor (12th Gen),8,512,39.62,1,ACER,INTEL
98,ASUS TUF Gaming A15 AMD Ryzen 7 Octa Core 7435HS - (16 GB/512 GB SSD/Windows 11 Home/4 GB Graphics/NVI...,72199.0,AMD Ryzen 7 Octa Core Processor,16,512,39.62,1,ASUS,AMD
99,Acer Nitro 5 AMD Ryzen 5 Hexa Core AMD R5-5600H - (8 GB/512 GB SSD/Windows 11 Home/4 GB Graphics/NVIDI...,59999.0,AMD Ryzen 5 Hexa Core Processor,8,512,39.62,1,ACER,AMD
100,Lenovo 12450HX Intel Core i5 12th Gen 12450hx - (12 GB/512 GB SSD/Windows 11 Home/4 GB Graphics/NVIDIA...,63890.0,Intel Core i5 Processor (12th Gen),12,512,39.62,1,LENOVO,INTEL
101,DELL G15-5530 Intel Core i7 13th Gen - (16 GB/512 GB SSD/Windows 11 Home/6 GB Graphics/NVIDIA GeForce ...,112188.0,Intel Core i7 Processor (13th Gen),16,512,39.62,1,DELL,INTEL
102,Acer Predator Helios 300 Intel Core i9 12th Gen 12900H - (16 GB/1 TB SSD/Windows 11 Home/6 GB Graphics...,198999.0,Intel Core i9 Processor (12th Gen),16,1024,39.62,1,ACER,INTEL
103,Acer Nitro V Intel Core i7 13th Gen 13620H - (16 GB/512 GB SSD/Windows 11 Home/6 GB Graphics/NVIDIA Ge...,86886.0,Intel Core i7 Processor (13th Gen),16,512,39.62,1,ACER,INTEL
104,Acer Nitro V Intel Core i5 13th Gen 13420H - (8 GB/512 GB SSD/Windows 11 Home/4 GB Graphics/NVIDIA GeF...,59999.0,Intel Core i5 Processor (13th Gen),8,512,39.62,1,ACER,INTEL
105,Lenovo Legion 5 Intel Core i7 14th Gen 14650HX - (16 GB/1 TB SSD/Windows 11 Home/6 GB Graphics/NVIDIA ...,129990.0,Intel Core i7 Processor (14th Gen),16,1024,40.64,1,LENOVO,INTEL
106,MSI Vector 16 HX A Intel Core Ultra 9 275HX - (32 GB/1 TB SSD/Windows 11 Home/16 GB Graphics/NVIDIA Ge...,299990.0,Intel Core Ultra 9 Processor,32,1024,40.64,1,MSI,INTEL
107,MSI Crosshair 16 HX Intel Core i7 14th Gen 14700HX - (32 GB/1 TB SSD/Windows 11 Home/8 GB Graphics/NVI...,171990.0,Intel Core i7 Processor (14th Gen),32,1024,40.64,1,MSI,INTEL
108,Acer Nitro V 15 Intel Core i7 13th Gen - (16 GB/512 GB SSD/Windows 11 Home/8 GB Graphics/NVIDIA GeForc...,99999.0,Intel Core i7 Processor (13th Gen),16,512,39.62,1,ACER,INTEL
109,Acer Aspire 7 Intel Core i7 13th Gen 13620H - (16 GB/512 GB SSD/Windows 11 Home/6 GB Graphics/NVIDIA G...,84990.0,Intel Core i7 Processor (13th Gen),16,512,39.62,1,ACER,INTEL
110,Lenovo LOQ Intel Core i7 12th Gen Core i7-12650HX - (16 GB/512 GB SSD/Windows 11 Home/6 GB Graphics/NV...,83990.0,Intel Core i7 Processor (12th Gen),16,512,39.62,1,LENOVO,INTEL
111,MSI Thin 15 Intel Core i7 13th Gen 13620H - (16 GB/512 GB SSD/Windows 11 Home/4 GB Graphics/NVIDIA GeF...,75400.0,Intel Core i7 Processor (13th Gen),16,512,39.62,1,MSI,INTEL
112,HP Victus Intel Core i5 13th Gen 13420H - (16 GB/512 GB SSD/Windows 11 Home/4 GB Graphics/NVIDIA GeFor...,71799.0,Intel Core i5 Processor (13th Gen),16,512,39.62,1,HP,INTEL
113,Lenovo LOQ 2025 Intel Core i7 14th Gen 14700HX - (16 GB/1 TB SSD/Windows 11 Home/8 GB Graphics/NVIDIA ...,154990.0,Intel Core i7 Processor (14th Gen),16,1024,39.62,1,LENOVO,INTEL
114,Acer Nitro 5 AMD Ryzen 5 Hexa Core AMD R5-5600H - (8 GB/512 GB SSD/Windows 11 Home/4 GB Graphics/NVIDI...,63000.0,AMD Ryzen 5 Hexa Core Processor,8,512,39.62,1,ACER,AMD
115,Lenovo LOQ 15ARP9 AMD Ryzen 5 Quad Core 7235HS - (12 GB/512 GB SSD/Windows 11 Home/6 GB Graphics/NVIDI...,68990.0,AMD Ryzen 5 Quad Core Processor,12,512,39.62,1,LENOVO,AMD
116,MSI GF63 Thin Intel Core i5 9th Gen 9300H - (8 GB/512 GB SSD/Windows 10 Home/4 GB Graphics/NVIDIA GeFo...,58990.0,Intel Core i5 Processor (9th Gen),8,512,39.62,1,MSI,INTEL
117,HP OMEN Intel Core 7 240H - (24 GB/1 TB SSD/Windows 11 Home/8 GB Graphics/NVIDIA GeForce RTX 5050) 16-...,122990.0,Intel Core 7 Processor,24,1024,40.64,1,HP,INTEL
118,Lenovo Legion 5 AMD Ryzen 7 Octa Core 260 - (16 GB/1 TB SSD/Windows 11 Home/8 GB Graphics/NVIDIA GeFor...,206390.0,AMD Ryzen 7 Octa Core Processor,16,1024,38.86,1,LENOVO,AMD
119,HP Victus Intel Core i7 12th Gen 12650H - (16 GB/512 GB SSD/Windows 11 Home/6 GB Graphics/NVIDIA GeFor...,98990.0,Intel Core i7 Processor (12th Gen),16,512,39.62,1,HP,INTEL
120,ASUS ROG Zephyrus G15 AMD Ryzen 9 Octa Core 6900HS - (16 GB/1 TB SSD/Windows 11 Home/8 GB Graphics/NVI...,178999.0,AMD Ryzen 9 Octa Core Processor,16,1024,39.62,1,ASUS,AMD
121,Lenovo IdeaPad Gaming 3 AMD Ryzen 5 Quad Core 5500H - (8 GB/512 GB SSD/Windows 11 Home/4 GB Graphics/N...,58990.0,AMD Ryzen 5 Quad Core Processor,8,512,39.62,1,LENOVO,AMD
122,Infinix GT Book Intel Core i5 13th Gen 13420H - (16 GB/512 GB SSD/Windows 11 Home/6 GB Graphics/NVIDIA...,91990.0,Intel Core i5 Processor (13th Gen),16,512,40.64,1,INFINIX,INTEL
123,ASUS ROG Zephyrus G16 AI PC Intel Core Ultra 7 155H - (16 GB/1 TB SSD/Windows 11 Home/8 GB Graphics/NV...,175190.0,Intel Core Ultra 7 Processor,16,1024,40.64,1,ASUS,INTEL
124,HP Victus 15 AMD Ryzen 7 Octa Core 5800H - (16 GB/512 GB SSD/Windows 11 Home/4 GB Graphics/NVIDIA GeFo...,85990.0,AMD Ryzen 7 Octa Core Processor,16,512,39.62,1,HP,AMD
125,Colorful P15 Intel Core i7 13th Gen 13620H - (16 GB/512 GB SSD/Windows 11 Home/8 GB Graphics/NVIDIA Ge...,119990.0,Intel Core i7 Processor (13th Gen),16,512,39.62,1,COLORFUL,INTEL
126,Lenovo LOQ Intel Core i5 12th Gen 12450HX - (12 GB/512 GB SSD/Windows 11 Home/4 GB Graphics/NVIDIA GeF...,72006.0,Intel Core i5 Processor (12th Gen),12,512,39.62,1,LENOVO,INTEL
127,Acer ALG Gaming Intel Core i7 13th Gen 13620H - (16 GB/512 GB SSD/Windows 11 Home/6 GB Graphics/NVIDIA...,73990.0,Intel Core i7 Processor (13th Gen),16,512,39.62,1,ACER,INTEL
128,MSI Raider 18 HX AI Intel Core Ultra 9 285HX - (64 GB/4 TB SSD/Windows 11 Home/24 GB Graphics/NVIDIA G...,499990.0,Intel Core Ultra 9 Processor,64,4096,45.72,1,MSI,INTEL
129,Infinix GT Book Intel Core i5 12th Gen 12450H - (16 GB/512 GB SSD/Windows 11 Home/6 GB Graphics/NVIDIA...,99990.0,Intel Core i5 Processor (12th Gen),16,512,40.64,1,INFINIX,INTEL
130,MSI Vector A18 HX AMD Ryzen 9 16 Core 9955HX - (32 GB/2 TB SSD/Windows 11 Home/16 GB Graphics/NVIDIA G...,339990.0,AMD Ryzen 9 16 Core Processor,32,2048,45.72,1,MSI,AMD
131,ASUS ROG Zephyrus G14 (2025) with Office 2024 + M365 Basic* AMD Ryzen 9 Octa Core 270 - (16 GB/1 TB SS...,199990.0,AMD Ryzen 9 Octa Core Processor,16,1024,35.56,1,ASUS,AMD
132,HP Victus 39 TOPS AMD Ryzen 7 Octa Core 8845HS - (16 GB/512 GB SSD/Windows 11 Home/6 GB Graphics/NVIDI...,95862.0,AMD Ryzen 7 Octa Core Processor,16,512,39.62,1,HP,AMD
133,Colorful Evol P-15 Intel Core i5 12th Gen 12450H - (16 GB/512 GB SSD/Windows 11 Home/4 GB Graphics/NVI...,99990.0,Intel Core i5 Processor (12th Gen),16,512,39.62,1,COLORFUL,INTEL
134,DELL AMD Ryzen 7 Octa Core AMD R7-5800H - (16 GB/512 GB SSD/Windows 11 Home/6 GB Graphics/NVIDIA GeFor...,114890.0,AMD Ryzen 7 Octa Core Processor,16,512,39.62,1,DELL,AMD
135,MSI Titan GT77 Intel Core i9 13th Gen 13980HX - (64 GB/2 TB SSD/Windows 11 Home/12 GB Graphics/NVIDIA ...,548990.0,Intel Core i9 Processor (13th Gen),64,2048,43.94,1,MSI,INTEL
136,Infinix GT Book Intel Core i5 12th Gen 12450H - (16 GB/512 GB SSD/Windows 11 Home/6 GB Graphics/NVIDIA...,75990.0,Intel Core i5 Processor (12th Gen),16,512,40.64,1,INFINIX,INTEL
137,MSI Thin 15 Intel Core i5 13th Gen 13420H - (16 GB/1 TB SSD/Windows 11 Home/6 GB Graphics/NVIDIA GeFor...,73990.0,Intel Core i5 Processor (13th Gen),16,1024,39.62,1,MSI,INTEL
138,ASUS ROG Strix G16 AMD Ryzen 9 16 Core 8940HX - (16 GB/1 TB SSD/Windows 11 Home/8 GB Graphics/NVIDIA G...,157888.0,AMD Ryzen 9 16 Core Processor,16,1024,40.64,1,ASUS,AMD
139,MSI Katana 15 HX Intel Core i7 14th Gen 14650HX - (16 GB/1 TB SSD/Windows 11 Home/8 GB Graphics/NVIDIA...,128000.0,Intel Core i7 Processor (14th Gen),16,1024,39.62,1,MSI,INTEL
140,DELL G15-5530 Intel Core i7 13th Gen 13650HX - (16 GB/1 TB SSD/Windows 11 Home/6 GB Graphics/NVIDIA Ge...,89990.0,Intel Core i7 Processor (13th Gen),16,1024,39.62,1,DELL,INTEL
141,ASUS ROG Strix G15 AMD Ryzen 7 Octa Core AMD R7-4800H - (16 GB/1 TB SSD/Windows 11 Home/4 GB Graphics/...,110599.0,AMD Ryzen 7 Octa Core Processor,16,1024,39.62,1,ASUS,AMD
142,Acer AMD Ryzen 5 Hexa Core 6600H - (8 GB/1 TB SSD/Windows 11 Home/4 GB Graphics/NVIDIA GeForce RTX 305...,98990.0,AMD Ryzen 5 Hexa Core Processor,8,1024,39.62,1,ACER,AMD
143,"ASUS Vivobook 16X for Creator, Intel Core i7 12th Gen 12700H - (16 GB/512 GB SSD/Windows 11 Home/4 GB ...",72990.0,Intel Core i7 Processor (12th Gen),16,512,40.64,1,ASUS,INTEL
144,ASUS ROG Strix SCAR 15 (2021) AMD Ryzen 9 Octa Core 5900HX - (32 GB/1 TB SSD/Windows 10 Home/8 GB Grap...,184990.0,AMD Ryzen 9 Octa Core Processor,32,1024,39.62,1,ASUS,AMD
145,DELL Alienware x14 R2 Intel Core i7 13th Gen i7-13620H - (16 GB/1 TB SSD/Windows 11 Home/6 GB Graphics...,151990.0,Intel Core i7 Processor (13th Gen),16,1024,35.56,1,DELL,INTEL
146,HP Victus AMD Ryzen 5 Hexa Core 6600H - (8 GB/512 GB SSD/Windows 11 Home/4 GB Graphics/NVIDIA GeForce ...,76549.0,AMD Ryzen 5 Hexa Core Processor,8,512,40.89,1,HP,AMD
147,DELL G3 Intel Core i7 10th Gen 10750H - (16 GB/512 GB SSD/Windows 10 Home/6 GB Graphics/NVIDIA GeForce...,102990.0,Intel Core i7 Processor (10th Gen),16,512,39.62,1,DELL,INTEL
148,Infinix GT Series Intel Core i9 13th Gen 13900H - (32 GB/1 TB SSD/Windows 11 Home/8 GB Graphics/NVIDIA...,149990.0,Intel Core i9 Processor (13th Gen),32,1024,40.64,1,INFINIX,INTEL
149,Acer Aspire 7 Intel Core i5 12th Gen 1240P - (16 GB/512 GB SSD/Windows 11 Home/4 GB Graphics/NVIDIA Ge...,59999.0,Intel Core i5 Processor (12th Gen),16,512,39.62,1,ACER,INTEL
150,ASUS TUF Gaming F15 Intel Core i5 12th Gen 12500H - (16 GB/512 GB SSD/Windows 11 Home/4 GB Graphics/NV...,64990.0,Intel Core i5 Processor (12th Gen),16,512,39.62,1,ASUS,INTEL
151,DELL G3 Intel Core i5 10th Gen 10300H - (8 GB/1 TB HDD/256 GB SSD/Windows 10 Home/4 GB Graphics/NVIDIA...,71990.0,Intel Core i5 Processor (10th Gen),8,1024,39.62,1,DELL,INTEL
152,HP Omen Intel Core i7 13th Gen 13620H - (16 GB/1 TB SSD/Windows 11 Home/6 GB Graphics/NVIDIA GeForce R...,120990.0,Intel Core i7 Processor (13th Gen),16,1024,40.89,1,HP,INTEL
153,MSI GF63 Thin Intel Core i7 10th Gen 10750H - (8 GB/1 TB HDD/256 GB SSD/Windows 10 Home/4 GB Graphics/...,70990.0,Intel Core i7 Processor (10th Gen),8,1024,39.62,1,MSI,INTEL
154,MSI Katana A15 AI AMD Ryzen 7 Octa Core 8845HS - (16 GB/512 GB SSD/Windows 11 Home/6 GB Graphics/NVIDI...,91190.0,AMD Ryzen 7 Octa Core Processor,16,512,39.62,1,MSI,AMD
155,HP Victus Intel Core i5 12th Gen 12450H - (16 GB/512 GB SSD/Windows 11 Home/4 GB Graphics/NVIDIA GeFor...,70050.0,Intel Core i5 Processor (12th Gen),16,512,39.62,1,HP,INTEL
156,ASUS TUF Gaming A15 AMD Ryzen 5 Hexa Core 7535HS - (16 GB/512 GB SSD/Windows 11 Home/4 GB Graphics/NVI...,69742.0,AMD Ryzen 5 Hexa Core Processor,16,512,39.62,1,ASUS,AMD
157,Lenovo Ideapad Gaming 3i Intel Core i5 10th Gen 10300H - (8 GB/1 TB HDD/256 GB SSD/Windows 10 Home/4 G...,69990.0,Intel Core i5 Processor (10th Gen),8,1024,39.62,1,LENOVO,INTEL
158,ASUS Intel Ryzen 7 Octa Core 6th Gen - (16 GB/1 TB SSD/Windows 11 Home/8 GB Graphics/AMD Radeon ?AMD R...,121999.0,Intel Ryzen 7 Octa Core Processor (6th Gen),16,1024,35.56,1,ASUS,INTEL
159,Acer AMD Ryzen 7 Octa Core 8845HS - (16 GB/1 TB SSD/Windows 11 Home/8 GB Graphics/NVIDIA GeForce RTX 4...,109500.0,AMD Ryzen 7 Octa Core Processor,16,1024,40.64,1,ACER,AMD
160,MSI Stealth 18 Studio AI PC Intel Core Ultra 9 1st Gen 185H - (32 GB/2 TB SSD/Windows 11 Home/12 GB Gr...,289990.0,Intel Core Ultra 9 Processor (1st Gen),32,2048,45.72,1,MSI,INTEL
161,ASUS ROG Strix G16 (2025) with Office 2024 + M365 Basic* AMD Ryzen 9 16 Core 8940HX - (16 GB/1 TB SSD/...,239990.0,AMD Ryzen 9 16 Core Processor,16,1024,40.64,1,ASUS,AMD
162,Lenovo Legion 5 Intel Core i7 11th Gen 11800H - (16 GB/512 GB SSD/Windows 11 Home/4 GB Graphics/NVIDIA...,126065.0,Intel Core i7 Processor (11th Gen),16,512,39.62,1,LENOVO,INTEL
163,Acer Nitro 5 AMD Ryzen 7 Octa Core 7735HS - (16 GB/512 GB SSD/Windows 11 Home/4 GB Graphics/NVIDIA GeF...,78500.0,AMD Ryzen 7 Octa Core Processor,16,512,39.62,1,ACER,AMD
164,HP Victus AMD Ryzen 7 Octa Core 5800H - (16 GB/512 GB SSD/Windows 11 Home/4 GB Graphics/NVIDIA GeForce...,70990.0,AMD Ryzen 7 Octa Core Processor,16,512,39.62,1,HP,AMD
165,Acer Predator Helios Neo 16S AI Intel Core Ultra 9 - (32 GB/1 TB SSD/Windows 11 Home/8 GB Graphics/NVI...,209990.0,Intel Core Ultra 9 Processor,32,1024,40.64,1,ACER,INTEL
166,MSI Crosshair A16 HX AMD Ryzen 9 16 Core 8940 - (16 GB/1 TB SSD/Windows 11 Home/8 GB Graphics/NVIDIA G...,223990.0,AMD Ryzen 9 16 Core Processor,16,1024,40.64,1,MSI,AMD
167,HP OMEN Intel Core i9 13th Gen 13900HX - (32 GB/1 TB SSD/Windows 11 Home/8 GB Graphics/NVIDIA GeForce ...,240990.0,Intel Core i9 Processor (13th Gen),32,1024,40.64,1,HP,INTEL
168,DELL Inspiron Intel Core i5 13th Gen 13450HX - (8 GB/512 GB SSD/Windows 11 Home/6 GB Graphics/NVIDIA G...,71490.0,Intel Core i5 Processor (13th Gen),8,512,39.62,1,DELL,INTEL
169,DELL Intel Core i5 13th Gen - (16 GB/1 TB SSD/Windows 11 Home/6 GB Graphics/NVIDIA GeForce RTX 3050) G...,79990.0,Intel Core i5 Processor (13th Gen),16,1024,39.62,1,DELL,INTEL
170,HP AMD Ryzen 5 - (8 GB/512 GB SSD/Windows 11 Home/4 GB Graphics/AMD Radeon AMD Radeon™ RX 6500M Graphi...,61999.0,AMD Ryzen 5 Processor,8,512,39.62,1,HP,AMD
171,DELL G15-5530 Intel Core i5 13th Gen 13450HX - (16 GB/512 GB SSD/Windows 11 Home/6 GB Graphics/NVIDIA ...,84890.0,Intel Core i5 Processor (13th Gen),16,512,39.62,1,DELL,INTEL
172,HP OMEN AMD Ryzen AI 7 Octa Core AI 7 350 - (24 GB/1 TB SSD/Windows 11 Home/8 GB Graphics/NVIDIA GeFor...,132990.0,AMD Ryzen AI 7 Octa Core Processor,24,1024,40.64,1,HP,AMD
173,MSI AMD Ryzen 5 Hexa Core 7535HS - (16 GB/512 GB SSD/Windows 11 Home/4 GB Graphics/NVIDIA GeForce RTX ...,75990.0,AMD Ryzen 5 Hexa Core Processor,16,512,39.62,1,MSI,AMD
174,HP Victus 15 AMD Ryzen 5 Hexa Core 5600H - (16 GB/512 GB SSD/Windows 11 Home/4 GB Graphics/AMD Radeon ...,65990.0,AMD Ryzen 5 Hexa Core Processor,16,512,39.62,1,HP,AMD
175,HP OMEN Intel Core i7 13th Gen 13700HX - (16 GB/512 GB SSD/Windows 11 Home/8 GB Graphics/NVIDIA GeForc...,152990.0,Intel Core i7 Processor (13th Gen),16,512,40.89,1,HP,INTEL
176,"ASUS Vivobook 16X For Creator, Intel H Series Intel Core i5 12th Gen 12450H - (16 GB/512 GB SSD/Window...",77990.0,Intel Core i5 Processor (12th Gen),16,512,40.64,1,ASUS,INTEL
177,"ASUS Vivobook Pro 16 OLED For Creator, Intel H-Series Intel Core i5 13th Gen 13500H - (16 GB/512 GB SS...",146100.0,Intel Core i5 Processor (13th Gen),16,512,40.64,1,ASUS,INTEL
178,MSI Intel Core i7 12th Gen 12650H - (16 GB/1 TB SSD/Windows 11 Home/4 GB Graphics/NVIDIA GeForce RTX 3...,77990.0,Intel Core i7 Processor (12th Gen),16,1024,39.62,1,MSI,INTEL
179,MSI GL Series Intel Core i5 8th Gen 8300H - (8 GB/1 TB HDD/Windows 10 Home/4 GB Graphics/NVIDIA GeForc...,63990.0,Intel Core i5 Processor (8th Gen),8,1024,39.62,1,MSI,INTEL
180,MSI AMD Ryzen 5 Hexa Core 7535HS - (16 GB/512 GB SSD/Windows 11 Home/4 GB Graphics/NVIDIA GeForce RTX ...,81990.0,AMD Ryzen 5 Hexa Core Processor,16,512,39.62,1,MSI,AMD
181,GIGABYTE AORUS MASTER 16 Intel Core Ultra 9 275HX - (32 GB/1 TB SSD/Windows 11 Home/12 GB Graphics/NVI...,429990.0,Intel Core Ultra 9 Processor,32,1024,40.64,1,GIGABYTE,INTEL
182,"ASUS Vivobook Pro 15 For Creator, AMD Ryzen 5 Hexa Core 5600HS - (16 GB/512 GB SSD/Windows 11 Home/4 G...",68990.0,AMD Ryzen 5 Hexa Core Processor,16,512,39.62,1,ASUS,AMD
183,MSI Thin A15 B7UC AMD Ryzen 5 Hexa Core 7535HS - (16 GB/1 TB SSD/Windows 11 Home/4 GB Graphics/NVIDIA ...,71190.0,AMD Ryzen 5 Hexa Core Processor,16,1024,39.62,1,MSI,AMD
184,HP OMEN Intel Core i5 13th Gen 13500HX - (16 GB/512 GB SSD/Windows 11 Home/6 GB Graphics/NVIDIA GeForc...,148500.0,Intel Core i5 Processor (13th Gen),16,512,40.89,1,HP,INTEL
185,ASUS TUF Gaming A14 AMD Ryzen AI 9 12 Core HX 370 - (16 GB/1 TB SSD/Windows 11 Home/8 GB Graphics/NVID...,149990.0,AMD Ryzen AI 9 12 Core Processor,16,1024,35.56,1,ASUS,AMD
186,HP Victus AMD Ryzen 7 Hexa Core 7445HS - (16 GB/512 GB SSD/Windows 11 Home/6 GB Graphics/NVIDIA GeForc...,75793.0,AMD Ryzen 7 Hexa Core Processor,16,512,39.62,1,HP,AMD
187,Acer Predator Helios 16 Intel Core i9 14th Gen 14900HX - (16 GB/1 TB SSD/Windows 11 Home/8 GB Graphics...,194990.0,Intel Core i9 Processor (14th Gen),16,1024,40.64,1,ACER,INTEL
188,ASUS TUF Gaming F17 with 90Whr Battery Intel Core i5 12th Gen 12500H - (16 GB/512 GB SSD/Windows 11 Ho...,98299.0,Intel Core i5 Processor (12th Gen),16,512,43.94,1,ASUS,INTEL
189,MSI Stealth 18 HX AI Intel Core Ultra 9 275HX - (32 GB/2 TB SSD/Windows 11 Home/12 GB Graphics/NVIDIA ...,279990.0,Intel Core Ultra 9 Processor,32,2048,45.72,1,MSI,INTEL
190,MSI Crosshair A17 HX D8W AMD Ryzen 9 16 Core 8940HX - (16 GB/1 TB SSD/Windows 11 Home/8 GB Graphics/NV...,179990.0,AMD Ryzen 9 16 Core Processor,16,1024,43.18,1,MSI,AMD
191,MSI Katana GF66 Intel Core i7 12th Gen 12650H - (8 GB/512 GB SSD/Windows 11 Home/4 GB Graphics/NVIDIA ...,83990.0,Intel Core i7 Processor (12th Gen),8,512,39.62,1,MSI,INTEL
192,Acer Predator Helios Neo 16S AI Intel Core Ultra 7 - (16 GB/1 TB SSD/Windows 11 Home/8 GB Graphics/NVI...,154990.0,Intel Core Ultra 7 Processor,16,1024,40.64,1,ACER,INTEL
193,Lenovo IdeaPad Gaming 3 AMD Ryzen 7 Octa Core AMD R7-5800H - (8 GB/512 GB SSD/Windows 11 Home/4 GB Gra...,63390.0,AMD Ryzen 7 Octa Core Processor,8,512,39.62,1,LENOVO,AMD
194,MSI Raider A18 HX AMD Ryzen 9 16 Core 7th Gen 7945HX - (32 GB/1 TB SSD/Windows 11 Pro/12 GB Graphics/N...,269990.0,AMD Ryzen 9 16 Core Processor (7th Gen),32,1024,45.72,1,MSI,AMD
195,MSI AMD Ryzen 7 Octa Core 8840H - (16 GB/512 GB SSD/Windows 11 Home/6 GB Graphics/NVIDIA GeForce RTX 4...,99990.0,AMD Ryzen 7 Octa Core Processor,16,512,39.62,1,MSI,AMD
196,MSI Intel Core i7 12th Gen 12650H - (16 GB/512 GB SSD/Windows 11 Home/4 GB Graphics/NVIDIA GeForce RTX...,69990.0,Intel Core i7 Processor (12th Gen),16,512,39.62,1,MSI,INTEL
197,Acer Nitro V Intel Core i7 14th Gen 14650HX - (16 GB/512 GB SSD/Windows 11 Home/6 GB Graphics/NVIDIA G...,98899.0,Intel Core i7 Processor (14th Gen),16,512,40.64,1,ACER,INTEL
198,MSI GF65 Thin Intel Hexa Core i5 10th Gen 10500H - (16 GB/512 GB SSD/Windows 10 Home/6 GB Graphics/NVI...,94990.0,Intel Hexa Core i5 Processor (10th Gen),16,512,39.62,1,MSI,INTEL
199,Acer Nitro V Intel Core i5 14th Gen 14450HX - (16 GB/512 GB SSD/Windows 11 Home/6 GB Graphics/NVIDIA G...,90990.0,Intel Core i5 Processor (14th Gen),16,512,40.64,1,ACER,INTEL
200,Acer Predator Helios 300 Intel Core i7 12th Gen 12700H - (16 GB/1 TB SSD/Windows 11 Home/8 GB Graphics...,109990.0,Intel Core i7 Processor (12th Gen),16,1024,39.62,1,ACER,INTEL
201,MSI GP66 Leopard Intel Core i7 11th Gen 11800H - (16 GB/1 TB SSD/Windows 10 Home/8 GB Graphics/NVIDIA ...,144990.0,Intel Core i7 Processor (11th Gen),16,1024,39.62,1,MSI,INTEL
202,MSI Stealth 16 Studio Intel Core i7 13th Gen 13700H - (32 GB/1 TB SSD/Windows 11 Home/8 GB Graphics/NV...,159990.0,Intel Core i7 Processor (13th Gen),32,1024,40.64,1,MSI,INTEL
203,ASUS Intel Core i7 12th Gen 12700H - (16 GB/512 GB SSD/Windows 11 Home/4 GB Graphics/NVIDIA GeForce RT...,85990.0,Intel Core i7 Processor (12th Gen),16,512,39.62,1,ASUS,INTEL
204,Acer Predator Helios Neo 16 Intel Core i7 14th Gen 14700HX - (16 GB/1 TB SSD/Windows 11 Home/8 GB Grap...,146990.0,Intel Core i7 Processor (14th Gen),16,1024,40.64,1,ACER,INTEL
205,ASUS ROG Zephyrus G14 OLED AMD Ryzen 9 Octa Core 8945HS - (16 GB/1 TB SSD/Windows 11 Home/8 GB Graphic...,169990.0,AMD Ryzen 9 Octa Core Processor,16,1024,35.56,1,ASUS,AMD
206,HP Victus Intel Core i5 12th Gen 12450H - (16 GB/512 GB SSD/Windows 11 Pro/4 GB Graphics/NVIDIA GeForc...,73990.0,Intel Core i5 Processor (12th Gen),16,512,39.62,1,HP,INTEL
207,HP Victus Intel Core i5 12th Gen 12450H - (16 GB/512 GB SSD/Windows 11 Home/4 GB Graphics/NVIDIA GeFor...,73490.0,Intel Core i5 Processor (12th Gen),16,512,39.62,1,HP,INTEL
208,HP Victus Intel Core i5 12th Gen 12450H - (8 GB/512 GB SSD/Windows 11 Home/Intel Integrated NVIDIA® Ge...,74990.0,Intel Core i5 Processor (12th Gen),8,512,39.62,1,HP,INTEL
209,HP Victus AMD Ryzen 5 Hexa Core 5600H - (8 GB/512 GB SSD/Windows 11 Home/4 GB Graphics/NVIDIA GeForce ...,69990.0,AMD Ryzen 5 Hexa Core Processor,8,512,39.62,1,HP,AMD
210,Lenovo IdeaPad Gaming 3 AMD Ryzen 5 Quad Core 5500H - (8 GB/512 GB SSD/Windows 11 Home/4 GB Graphics/N...,71990.0,AMD Ryzen 5 Quad Core Processor,8,512,39.62,1,LENOVO,AMD
211,MSI Katana 15 Intel Core 7 240H - (16 GB/1 TB SSD/Windows 11 Home/6 GB Graphics/NVIDIA GeForce RTX 405...,99990.0,Intel Core 7 Processor,16,1024,39.62,1,MSI,INTEL
212,DELL Alienware Intel Core Ultra 9 185H - (32 GB/1 TB SSD/Windows 11 Home/16 GB Graphics/NVIDIA GeForce...,448490.0,Intel Core Ultra 9 Processor,32,1024,40.64,1,DELL,INTEL
213,ASUS TUF Gaming F17 Intel Core i5 10th Gen 10300H - (8 GB/512 GB SSD/Windows 10 Home/4 GB Graphics/NVI...,73990.0,Intel Core i5 Processor (10th Gen),8,512,43.94,1,ASUS,INTEL
214,ASUS TUF AMD Ryzen 7 Quad Core 3750H - (8 GB/512 GB SSD/Windows 10 Home/4 GB Graphics/NVIDIA GeForce G...,66990.0,AMD Ryzen 7 Quad Core Processor,8,512,43.94,1,ASUS,AMD
215,Acer Predator Helios 300 Intel Core i7 11th Gen 11800H - (16 GB/1 TB HDD/512 GB SSD/Windows 10 Home/6 ...,121990.0,Intel Core i7 Processor (11th Gen),16,1024,39.62,1,ACER,INTEL
216,Acer Gaming Intel Core i7 12th Gen 12700H - (16 GB/1 TB HDD/512 GB SSD/Windows 11 Home/4 GB Graphics/N...,98800.0,Intel Core i7 Processor (12th Gen),16,1024,39.62,1,ACER,INTEL
217,HP Victus 15 AMD Ryzen 5 Hexa Core 5600H - (16 GB/512 GB SSD/Windows 11 Home/4 GB Graphics/NVIDIA GeFo...,69499.0,AMD Ryzen 5 Hexa Core Processor,16,512,38.86,1,HP,AMD
218,Acer NITRO LITE 16 Intel Core i7 13th Gen 13620H - (16 GB/512 GB SSD/Windows 11 Home/6 GB Graphics/NVI...,79990.0,Intel Core i7 Processor (13th Gen),16,512,40.64,1,ACER,INTEL
219,ASUS TUF Gaming A15 AMD Ryzen 7 Octa Core 7435HS - (16 GB/512 GB SSD/Windows 11 Home/4 GB Graphics/NVI...,71850.0,AMD Ryzen 7 Octa Core Processor,16,512,39.62,1,ASUS,AMD
220,ASUS TUF Gaming F15 with 90WHr Battery Intel H-Series Intel Core i7 12th Gen 12700H - (16 GB/1 TB SSD/...,93990.0,Intel Core i7 Processor (12th Gen),16,1024,39.62,1,ASUS,INTEL
221,"ASUS Gaming V16 (2025) for Creator with Office 2024 + M365 Basic*, AI PC(i7 14th gen) Intel Core 7 240...",109599.0,Intel Core 7 Processor,16,512,40.64,1,ASUS,INTEL
222,ASUS TUF Gaming F16 Intel Core 5 210H - (16 GB/512 GB SSD/Windows 11 Home/6 GB Graphics/NVIDIA GeForce...,91753.0,Intel Core 5 Processor,16,512,40.64,1,ASUS,INTEL
223,DELL Inspiron Intel Core i5 13th Gen 13450HX - (16 GB/512 GB SSD/Windows 11 Home/6 GB Graphics/NVIDIA ...,79490.0,Intel Core i5 Processor (13th Gen),16,512,39.62,1,DELL,INTEL
224,ASUS TUF Gaming F17 Intel Core i7 12th Gen 12700H - (16 GB/1 TB SSD/Windows 11 Home/4 GB Graphics/NVID...,121999.0,Intel Core i7 Processor (12th Gen),16,1024,43.94,1,ASUS,INTEL
225,HP Victus AMD Ryzen 5 Hexa Core 5600H - (8 GB/512 GB SSD/Windows 11 Home/4 GB Graphics/AMD Radeon RX 6...,60677.0,AMD Ryzen 5 Hexa Core Processor,8,512,39.62,1,HP,AMD
226,MSI Katana GF66 Intel Core i5 12th Gen 12450H - (8 GB/512 GB SSD/Windows 11 Home/4 GB Graphics/NVIDIA ...,74990.0,Intel Core i5 Processor (12th Gen),8,512,39.62,1,MSI,INTEL
227,MSI Katana 15 HX Intel Core i9 14th Gen 14900HX - (16 GB/1 TB SSD/Windows 11 Home/8 GB Graphics/NVIDIA...,127990.0,Intel Core i9 Processor (14th Gen),16,1024,39.62,1,MSI,INTEL
228,HP OMEN AI PC OLED Intel Core Ultra 7 155H - (16 GB/1 TB SSD/Windows 11 Home/8 GB Graphics/NVIDIA GeFo...,185400.0,Intel Core Ultra 7 Processor,16,1024,35.56,1,HP,INTEL
229,HP Intel Core 7 - (24 GB/1 TB SSD/Windows 11 Home/8 GB Graphics/NVIDIA GeForce RTX 5060) 15-fa2405TX G...,119990.0,Intel Core 7 Processor,24,1024,39.62,1,HP,INTEL
230,HP Victus AMD Ryzen 5 Hexa Core 8645HS - (16 GB/512 GB SSD/Windows 11 Home/4 GB Graphics/NVIDIA GeForc...,64599.0,AMD Ryzen 5 Hexa Core Processor,16,512,39.62,1,HP,AMD
231,Lenovo 7235HS AMD Core 5 RYZEN 5 7235HS - (12 GB + 16 GB Optane/512 GB SSD/Windows 11 Home/6 GB Graphi...,71900.0,AMD Core 5 Processor,12,512,39.62,1,LENOVO,AMD
232,HP Intel Core 7 - (24 GB/1 TB SSD/Windows 11 Home/8 GB Graphics/NVIDIA GeForce RTX 5050) 15-fa2409TX G...,110990.0,Intel Core 7 Processor,24,1024,39.62,1,HP,INTEL
233,MSI Katana A15 AI AMD Ryzen 9 Octa Core AMD Ryzen™ 9 8945HS - (16 GB/512 GB SSD/Windows 11 Home/8 GB G...,115990.0,AMD Ryzen 9 Octa Core Processor,16,512,39.62,1,MSI,AMD
234,MSI Intel Core i7 12th Gen 12650H - (16 GB/512 GB SSD/Windows 11 Home/4 GB Graphics/NVIDIA GeForce RTX...,68990.0,Intel Core i7 Processor (12th Gen),16,512,39.62,1,MSI,INTEL
235,Acer Aspire 7 Intel Core 7 - (16 GB/512 GB SSD/Windows 11 Home/6 GB Graphics/NVIDIA GeForce RTX 4050) ...,99999.0,Intel Core 7 Processor,16,512,39.62,1,ACER,INTEL
236,HP Omen Ryzen 7 AMD Ryzen 7 Octa Core 6800H - (16 GB/512 GB SSD/Windows 11 Home/4 GB Graphics/NVIDIA G...,91990.0,AMD Ryzen 7 Octa Core Processor,16,512,40.89,1,HP,AMD
237,Acer Predator Helios Neo 16 Intel Core i9 14th Gen 14900HX - (16 GB/1 TB SSD/Windows 11 Home/8 GB Grap...,167999.0,Intel Core i9 Processor (14th Gen),16,1024,40.64,1,ACER,INTEL
238,ASUS AMD Ryzen 7 Octa Core 4th Gen - (16 GB/512 GB SSD/Windows 11 Home/4 GB Graphics/NVIDIA GeForce RT...,70990.0,AMD Ryzen 7 Octa Core Processor (4th Gen),16,512,39.62,1,ASUS,AMD
239,ASUS VIVOBOOK 14X Intel Core i9 13th Gen i9-13900H - (16 GB/1 TB SSD/Windows 11 Home/4 GB Graphics/NVI...,138990.0,Intel Core i9 Processor (13th Gen),16,1024,35.56,1,ASUS,INTEL
240,Acer Nitro 5 Intel Core i5 12th Gen 12450H - (16 GB/512 GB SSD/Windows 11 Home/4 GB Graphics/NVIDIA Ge...,79990.0,Intel Core i5 Processor (12th Gen),16,512,39.62,1,ACER,INTEL
241,HP Envy Intel Core i5 10th Gen 10300H - (16 GB/512 GB SSD/Windows 11 Home/4 GB Graphics/NVIDIA GeForce...,139900.0,Intel Core i5 Processor (10th Gen),16,512,39.62,1,HP,INTEL
242,Acer Nitro 5 AMD Ryzen 7 Octa Core 7735HS - (8 GB/512 GB SSD/Windows 11 Home/4 GB Graphics/NVIDIA GeFo...,98999.0,AMD Ryzen 7 Octa Core Processor,8,512,39.62,1,ACER,AMD
243,Lenovo Ideapad Gaming 3 AMD Ryzen 5 Hexa Core 5600H - (16 GB/512 GB SSD/Windows 11 Home/4 GB Graphics/...,72990.0,AMD Ryzen 5 Hexa Core Processor,16,512,39.62,1,LENOVO,AMD
244,Acer Nitro 5 Intel Core i5 12th Gen 12450H - (8 GB/512 GB SSD/Windows 11 Home/4 GB Graphics/NVIDIA GeF...,72999.0,Intel Core i5 Processor (12th Gen),8,512,39.62,1,ACER,INTEL
245,Lenovo IdeaPad Gaming 3 AMD Ryzen 7 Octa Core AMD R7-5800H - (16 GB/512 GB SSD/Windows 11 Home/4 GB Gr...,77990.0,AMD Ryzen 7 Octa Core Processor,16,512,39.62,1,LENOVO,AMD
246,Lenovo IdeaPad Gaming 3 AMD Ryzen 7 Octa Core 5800H - (16 GB/512 GB SSD/Windows 11 Home/6 GB Graphics/...,85990.0,AMD Ryzen 7 Octa Core Processor,16,512,39.62,1,LENOVO,AMD
247,Acer Nitro 5 Intel Core i7 12th Gen 12650H - (16 GB/512 GB SSD/Windows 11 Home/6 GB Graphics/NVIDIA Ge...,107990.0,Intel Core i7 Processor (12th Gen),16,512,39.62,1,ACER,INTEL
248,HP OMEN AMD Ryzen 7 Octa Core 7840HS - (16 GB/1 TB SSD/Windows 11 Home/8 GB Graphics/NVIDIA GeForce RT...,114000.0,AMD Ryzen 7 Octa Core Processor,16,1024,40.89,1,HP,AMD
249,HP Intel Core 5 13th Gen - (16 GB/512 GB SSD/Windows 11 Home/6 GB Graphics/NVIDIA GeForce RTX NVIDIA® ...,85990.0,Intel Core 5 Processor (13th Gen),16,512,39.62,1,HP,INTEL
250,Acer Nitro 5 Intel Core i5 8th Gen 8300H - (8 GB/1 TB HDD/Windows 10 Home/4 GB Graphics/NVIDIA GeForce...,66890.0,Intel Core i5 Processor (8th Gen),8,1024,39.62,1,ACER,INTEL
251,MSI Stealth 16 Mercedes AMG Intel Core i9 13th Gen 13900H - (32 GB/1 TB SSD/Windows 11 Pro/8 GB Graphi...,288200.0,Intel Core i9 Processor (13th Gen),32,1024,40.64,1,MSI,INTEL
252,MSI Raider GE66 Intel Core i7 12th Gen 12700H - (16 GB/1 TB SSD/Windows 11 Home/8 GB Graphics/NVIDIA G...,244990.0,Intel Core i7 Processor (12th Gen),16,1024,39.62,1,MSI,INTEL
253,Lenovo AMD Ryzen 7 Octa Core - (16 GB/512 GB SSD/Windows 11 Home/4 GB Graphics/NVIDIA GeForce GTX GTX ...,78990.0,AMD Ryzen 7 Octa Core Processor,16,512,39.62,1,LENOVO,AMD
254,HP Victus AMD Ryzen 5 Hexa Core 5600H - (8 GB/512 GB SSD/Windows 11 Home/4 GB Graphics/NVIDIA GeForce ...,58990.0,AMD Ryzen 5 Hexa Core Processor,8,512,39.62,1,HP,AMD
255,HP Victus Intel Core i5 13th Gen 13420H - (16 GB/512 GB SSD/Windows 11 Home/6 GB Graphics/NVIDIA GeFor...,83990.0,Intel Core i5 Processor (13th Gen),16,512,39.62,1,HP,INTEL
256,ASUS ROG Strix G16 (2025) AI PC with Office 2024 + M365 Basic* Intel Core Ultra 9 275HX - (32 GB/1 TB ...,275990.0,Intel Core Ultra 9 Processor,32,1024,40.64,1,ASUS,INTEL
257,HP Victus AI Powered AMD Ryzen 7 Octa Core 7840HS - (16 GB/512 GB SSD/Windows 11 Home/6 GB Graphics/NV...,79500.0,AMD Ryzen 7 Octa Core Processor,16,512,40.89,1,HP,AMD
258,Lenovo Legion Pro 5 Intel Core Ultra 7 255HX - (32 GB/1 TB SSD/Windows 11 Home/8 GB Graphics/NVIDIA Ge...,265890.0,Intel Core Ultra 7 Processor,32,1024,40.64,1,LENOVO,INTEL
259,Acer Predator Helios Neo 16S AI Intel Core Ultra 7 255 HX - (16 GB/1 TB SSD/Windows 11 Home/8 GB Graph...,174999.0,Intel Core Ultra 7 Processor,16,1024,40.64,1,ACER,INTEL
260,Lenovo IdeaPad Pro 5 AMD Ryzen 7 Octa Core 8845HS - (16 GB/1 TB SSD/Windows 11 Home/6 GB Graphics/NVID...,128990.0,AMD Ryzen 7 Octa Core Processor,16,1024,40.64,1,LENOVO,AMD
261,MSI Stealth 17 Intel Core i7 13th Gen 13700H - (16 GB/2 TB SSD/Windows 11 Home/8 GB Graphics/NVIDIA Ge...,347990.0,Intel Core i7 Processor (13th Gen),16,2048,43.94,1,MSI,INTEL
262,Acer Predator Helios Neo 16S AI Intel Core Ultra 7 - (16 GB/1 TB SSD/Windows 11 Home/8 GB Graphics/NVI...,194990.0,Intel Core Ultra 7 Processor,16,1024,40.64,1,ACER,INTEL
263,DELL 18 Area 51 Intel Core Ultra 9 275HX - (32 GB/1 TB SSD/Windows 11 Home/12 GB Graphics/NVIDIA GeFor...,316990.0,Intel Core Ultra 9 Processor,32,1024,45.72,1,DELL,INTEL
264,HP Omen AMD Ryzen 7 Octa Core 7840HS - (16 GB/1 TB SSD/Windows 11 Home/8 GB Graphics/NVIDIA GeForce RT...,137142.0,AMD Ryzen 7 Octa Core Processor,16,1024,40.89,1,HP,AMD
265,MSI Vector GP78HX Intel Core i9 13th Gen 13980HX - (32 GB/2 TB SSD/Windows 11 Home/16 GB Graphics/NVID...,409990.0,Intel Core i9 Processor (13th Gen),32,2048,43.18,1,MSI,INTEL
266,Acer NITRO LITE 16 Intel Core i5 13th Gen 13420H - (16 GB/512 GB SSD/Windows 11 Home/6 GB Graphics/NVI...,79990.0,Intel Core i5 Processor (13th Gen),16,512,40.64,1,ACER,INTEL
267,ASUS ROG Strix G16 (2025) with Office 2024 + M365 Basic* AMD Ryzen 9 16 Core 8940HX - (16 GB/1 TB SSD/...,184990.0,AMD Ryzen 9 16 Core Processor,16,1024,40.64,1,ASUS,AMD
268,MSI Vector GP68HX Intel Core i9 13th Gen 13980HX - (32 GB/1 TB SSD/Windows 11 Home/12 GB Graphics/NVID...,335990.0,Intel Core i9 Processor (13th Gen),32,1024,40.64,1,MSI,INTEL
269,MSI Creator Z17 HX Studio Intel Core i7 14th Gen 14700HX - (32 GB/2 TB SSD/Windows 11 Pro/8 GB Graphic...,249990.0,Intel Core i7 Processor (14th Gen),32,2048,43.18,1,MSI,INTEL
270,MSI Stealth 16 AI Studio Intel Core Ultra 9 185H - (32 GB/2 TB SSD/Windows 11 Home/8 GB Graphics/NVIDI...,229990.0,Intel Core Ultra 9 Processor,32,2048,40.64,1,MSI,INTEL
271,MSI Creator Z17 HX Studio Intel Core i7 14th Gen 14700HX - (32 GB/2 TB SSD/Windows 11 Pro/8 GB Graphic...,259990.0,Intel Core i7 Processor (14th Gen),32,2048,43.18,1,MSI,INTEL
272,ASUS ROG Strix G16 (2025) with Office 2024 + M365 Basic* Intel Core i7 14th Gen 14650HX - (16 GB/1 TB ...,169990.0,Intel Core i7 Processor (14th Gen),16,1024,40.64,1,ASUS,INTEL
273,DELL Alienware Intel Core Ultra 9 185H - (32 GB/1 TB SSD/Windows 11 Home/8 GB Graphics/NVIDIA GeForce ...,214990.0,Intel Core Ultra 9 Processor,32,1024,40.64,1,DELL,INTEL
274,MSI Pulse 17 AI Intel Core Ultra 9 185H - (32 GB/1 TB SSD/Windows 11 Home/8 GB Graphics/NVIDIA GeForce...,182990.0,Intel Core Ultra 9 Processor,32,1024,43.18,1,MSI,INTEL
275,MSI Pulse 16 AI PC Intel Core Ultra 9 185H - (32 GB/1 TB SSD/Windows 11 Home/8 GB Graphics/NVIDIA GeFo...,179990.0,Intel Core Ultra 9 Processor,32,1024,40.64,1,MSI,INTEL
276,DELL 16 Area 51 Intel Core Ultra 9 275HX - (64 GB/2 TB SSD/Windows 11 Home/24 GB Graphics/NVIDIA GeFor...,472990.0,Intel Core Ultra 9 Processor,64,2048,40.64,1,DELL,INTEL
277,MSI Pulse 16 AI PC Intel Core Ultra 7 155H - (16 GB/1 TB SSD/Windows 11 Home/8 GB Graphics/NVIDIA GeFo...,142990.0,Intel Core Ultra 7 Processor,16,1024,40.64,1,MSI,INTEL
278,ASUS ROG Strix SCAR 18 (2025) AI PC with Office 2024 + M365 Basic* Intel Core Ultra 9 275HX - (64 GB/2...,449990.0,Intel Core Ultra 9 Processor,64,2048,45.72,1,ASUS,INTEL
279,ASUS ROG Zephyrus G16 (2025) with Office 2024 + M365 Basic* Intel Core Ultra 9 285H - (32 GB/2 TB SSD/...,359990.0,Intel Core Ultra 9 Processor,32,2048,40.64,1,ASUS,INTEL
280,MSI Pulse 17 AI PC Intel Core Ultra 7 155H - (16 GB/1 TB SSD/Windows 11 Home/8 GB Graphics/NVIDIA GeFo...,164990.0,Intel Core Ultra 7 Processor,16,1024,43.18,1,MSI,INTEL
281,DELL Alienware Intel Core Ultra 9 185H - (32 GB/1 TB SSD/Windows 11 Home/8 GB Graphics/NVIDIA GeForce ...,217990.0,Intel Core Ultra 9 Processor,32,1024,40.64,1,DELL,INTEL
282,DELL Alienware Intel Core Ultra 9 185H - (32 GB/1 TB SSD/Windows 11 Home/8 GB Graphics/NVIDIA GeForce ...,288490.0,Intel Core Ultra 9 Processor,32,1024,40.64,1,DELL,INTEL
283,HP Victus Intel Core i7 12th Gen 12650H - (16 GB/512 GB SSD/Windows 11 Home/4 GB Graphics/NVIDIA GeFor...,78990.0,Intel Core i7 Processor (12th Gen),16,512,39.62,1,HP,INTEL
284,MSI Crosshair A16 HX AMD Ryzen 9 16 Core 8940HX - (16 GB/1 TB SSD/Windows 11 Home/8 GB Graphics/NVIDIA...,159990.0,AMD Ryzen 9 16 Core Processor,16,1024,40.64,1,MSI,AMD
285,HP OMEN MAX Intel Core Ultra 9 275HX - (32 GB/1 TB SSD/Windows 11 Home/16 GB Graphics/NVIDIA GeForce R...,309990.0,Intel Core Ultra 9 Processor,32,1024,40.64,1,HP,INTEL
286,HP Intel Core i7 13th Gen 13700HX - (16 GB/512 GB SSD/Windows 11 Home/8 GB Graphics/NVIDIA GeForce RTX...,174227.0,Intel Core i7 Processor (13th Gen),16,512,43.94,1,HP,INTEL
287,HP Victus Intel Core i7 12th Gen 12650H - (16 GB/1 TB SSD/Windows 11 Home/4 GB Graphics/NVIDIA GeForce...,95746.0,Intel Core i7 Processor (12th Gen),16,1024,39.62,1,HP,INTEL
288,Acer Predator Helios Neo 16S AI Intel Core Ultra 9 - (16 GB/1 TB SSD/Windows 11 Home/8 GB Graphics/NVI...,204999.0,Intel Core Ultra 9 Processor,16,1024,40.64,1,ACER,INTEL
289,MSI Pulse 15 Intel Core i7 13th Gen 13700H - (16 GB/1 TB SSD/Windows 11 Home/8 GB Graphics/NVIDIA GeFo...,190990.0,Intel Core i7 Processor (13th Gen),16,1024,39.62,1,MSI,INTEL
290,HP Victus Intel Core i5 13th Gen 13420H - (16 GB/1 TB SSD/Windows 11 Home/4 GB Graphics/NVIDIA GeForce...,74500.0,Intel Core i5 Processor (13th Gen),16,1024,39.62,1,HP,INTEL
291,MSI Vector 16 HX Intel Core i7 14th Gen 14700HX - (32 GB/1 TB SSD/Windows 11 Home/8 GB Graphics/NVIDIA...,189990.0,Intel Core i7 Processor (14th Gen),32,1024,40.64,1,MSI,INTEL
292,MSI Stealth GS66 Intel Core i7 12th Gen 12700H - (32 GB/1 TB SSD/Windows 11 Home/8 GB Graphics/NVIDIA ...,274990.0,Intel Core i7 Processor (12th Gen),32,1024,39.62,1,MSI,INTEL
293,Lenovo AMD Ryzen AI 5 Hexa Core 7th Gen - (12 GB/512 GB SSD/Windows 11 Home/6 GB Graphics/NVIDIA GeFor...,72599.0,AMD Ryzen AI 5 Hexa Core Processor (7th Gen),12,512,39.62,1,LENOVO,AMD
294,MSI Stealth 16 Studio AI PC Intel Core Ultra 7 155H - (32 GB/1 TB SSD/Windows 11 Home/8 GB Graphics/NV...,174990.0,Intel Core Ultra 7 Processor,32,1024,40.64,1,MSI,INTEL
295,Lenovo IdeaPad Gaming 3 Intel Core i7 12th Gen 12700H - (16 GB/512 GB SSD/Windows 11 Home/6 GB Graphic...,115990.0,Intel Core i7 Processor (12th Gen),16,512,40.64,1,LENOVO,INTEL
296,DELL 18 Area 51 Intel Core Ultra 9 275HX - (32 GB/2 TB SSD/Windows 11 Home/16 GB Graphics/NVIDIA GeFor...,406490.0,Intel Core Ultra 9 Processor,32,2048,45.72,1,DELL,INTEL
297,HP VICTUS 15 Intel Core i5 12th Gen 12450H - (16 GB/512 GB SSD/Windows 11 Home/4 GB Graphics/NVIDIA Ge...,73990.0,Intel Core i5 Processor (12th Gen),16,512,39.62,1,HP,INTEL
298,MSI Stealth 15 Intel Core i7 13th Gen 13620H - (16 GB/1 TB SSD/Windows 11 Home/6 GB Graphics/NVIDIA Ge...,141990.0,Intel Core i7 Processor (13th Gen),16,1024,39.62,1,MSI,INTEL
299,DELL G15 Intel Core i5 13450HX - (8 GB/512 GB SSD/Windows 11 Home/6 GB Graphics/NVIDIA GeForce RTX 305...,67890.0,Intel Core i5 Processor,8,512,39.62,1,DELL,INTEL
300,MSI Crosshair 16 HX AI Intel Core Ultra 7 255HX - (16 GB/1 TB SSD/Windows 11 Home/8 GB Graphics/NVIDIA...,189990.0,Intel Core Ultra 7 Processor,16,1024,40.64,1,MSI,INTEL
301,Lenovo Legion 7i Intel Core i7 10th Gen 10875H - (16 GB/1 TB SSD/Windows 10 Home/8 GB Graphics/NVIDIA ...,198990.0,Intel Core i7 Processor (10th Gen),16,1024,39.62,1,LENOVO,INTEL
302,Lenovo Legion 5 Intel Core i7 14th Gen 14650HX - (16 GB/1 TB SSD/Windows 11 Home/8 GB Graphics/NVIDIA ...,169999.0,Intel Core i7 Processor (14th Gen),16,1024,40.64,1,LENOVO,INTEL
303,HP OMEN AMD Ryzen 7 Octa Core 7840HS - (16 GB/1 TB SSD/Windows 11 Home/6 GB Graphics/NVIDIA GeForce RT...,115990.0,AMD Ryzen 7 Octa Core Processor,16,1024,40.89,1,HP,AMD
304,HP Victus Intel Core i5 13th Gen 13500H - (16 GB/512 GB SSD/Windows 11 Home/6 GB Graphics/NVIDIA GeFor...,106899.0,Intel Core i5 Processor (13th Gen),16,512,39.62,1,HP,INTEL
305,Lenovo Legion 7i Intel Core i7 10th Gen 10875H - (16 GB/1 TB SSD/Windows 10 Home/8 GB Graphics/NVIDIA ...,245990.0,Intel Core i7 Processor (10th Gen),16,1024,39.62,1,LENOVO,INTEL
306,Acer Aspire 3D 15 SpatialLabs Edition Intel Core i5 13th Gen 13420H - (16 GB/512 GB SSD/Windows 11 Hom...,149990.0,Intel Core i5 Processor (13th Gen),16,512,39.62,1,ACER,INTEL
307,ASUS ROG Strix G16 (2025) with Office 2024 + M365 Basic* Intel Core Ultra 9 275HX - (32 GB/1 TB SSD/Wi...,249990.0,Intel Core Ultra 9 Processor,32,1024,40.64,1,ASUS,INTEL
308,MSI Stealth 14 Studio AI PC Intel Core Ultra 7 155H - (16 GB/1 TB SSD/Windows 11 Home/8 GB Graphics/NV...,169990.0,Intel Core Ultra 7 Processor,16,1024,35.56,1,MSI,INTEL
309,MSI Stealth 15 Intel Core i7 13th Gen 13620H - (16 GB/1 TB SSD/Windows 11 Home/8 GB Graphics/NVIDIA Ge...,209990.0,Intel Core i7 Processor (13th Gen),16,1024,39.62,1,MSI,INTEL
310,MSI Crosshair 16 HX AI Intel Core Ultra 7 255HX - (16 GB/1 TB SSD/Windows 11 Home/8 GB Graphics/NVIDIA...,179990.0,Intel Core Ultra 7 Processor,16,1024,40.64,1,MSI,INTEL
311,MSI Stealth 14 AI Studio Intel Core Ultra 7 155H - (32 GB/1 TB SSD/Windows 11 Home/8 GB Graphics/NVIDI...,209990.0,Intel Core Ultra 7 Processor,32,1024,35.56,1,MSI,INTEL
312,DELL 16 Area 51 Intel Core Ultra 9 275HX - (32 GB/2 TB SSD/Windows 11 Home/16 GB Graphics/NVIDIA GeFor...,396490.0,Intel Core Ultra 9 Processor,32,2048,40.64,1,DELL,INTEL
313,MSI Stealth 16 Studio Intel Core i7 13th Gen 13700H - (32 GB/1 TB SSD/Windows 11 Home/8 GB Graphics/NV...,244990.0,Intel Core i7 Processor (13th Gen),32,1024,40.64,1,MSI,INTEL
314,ASUS TUF Gaming A17 AMD Ryzen 7 Octa Core 4800H - (16 GB/1 TB HDD/256 GB SSD/Windows 10 Home/6 GB Grap...,92990.0,AMD Ryzen 7 Octa Core Processor,16,1024,43.94,1,ASUS,AMD
315,DELL 16 Area 51 Intel Core Ultra 9 275HX - (32 GB/1 TB SSD/Windows 11 Home/12 GB Graphics/NVIDIA GeFor...,311990.0,Intel Core Ultra 9 Processor,32,1024,40.64,1,DELL,INTEL
316,DELL Intel Core i5 13450HX - (16 GB/512 GB SSD/Windows 11 Home/6 GB Graphics/NVIDIA GeForce RTX 3050) ...,80517.0,Intel Core i5 Processor,16,512,39.62,1,DELL,INTEL
317,"ASUS Vivobook 14X OLED For Creator, Intel H Series Intel Core i5 13th Gen 13500H - (16 GB/512 GB SSD/W...",73499.0,Intel Core i5 Processor (13th Gen),16,512,35.56,1,ASUS,INTEL
318,MSI Creator Z16 Intel Core i9 11th Gen 11900H - (16 GB/1 TB SSD/Windows 10 Home/6 GB Graphics/NVIDIA G...,225990.0,Intel Core i9 Processor (11th Gen),16,1024,40.64,1,MSI,INTEL
319,ASUS TUF Gaming A17 AMD Ryzen 7 Octa Core 4800H - (16 GB/1 TB HDD/256 GB SSD/Windows 10 Home/6 GB Grap...,90990.0,AMD Ryzen 7 Octa Core Processor,16,1024,43.94,1,ASUS,AMD
320,HP OMEN Intel Core i5 13th Gen 13420H - (16 GB/512 GB SSD/Windows 11 Home/6 GB Graphics/NVIDIA GeForce...,110800.0,Intel Core i5 Processor (13th Gen),16,512,40.89,1,HP,INTEL
321,ASUS ROG Strix Scar 16 Intel Core i9 14th Gen 14900HX - (32 GB/2 TB SSD/Windows 11 Home/12 GB Graphics...,279990.0,Intel Core i9 Processor (14th Gen),32,2048,40.64,1,ASUS,INTEL
322,ASUS ROG Strix SCAR 16 (2025) with Office 2024 + M365 Basic* Intel Core Ultra 9 275HX - (32 GB/2 TB SS...,399990.0,Intel Core Ultra 9 Processor,32,2048,40.64,1,ASUS,INTEL
323,HP Victus Intel Core i7 12th Gen 12650H - (16 GB/512 GB SSD/Windows 11 Home/4 GB Graphics/NVIDIA GeFor...,98990.0,Intel Core i7 Processor (12th Gen),16,512,39.62,1,HP,INTEL
324,HP OMEN Intel Core i7 13th Gen 13700HX - (16 GB/512 GB SSD/Windows 11 Home/6 GB Graphics/NVIDIA GeForc...,176108.0,Intel Core i7 Processor (13th Gen),16,512,40.64,1,HP,INTEL
325,HP OMEN Intel Core i7 13th Gen 13700HX - (16 GB/512 GB SSD/Windows 11 Home/8 GB Graphics/NVIDIA GeForc...,168500.0,Intel Core i7 Processor (13th Gen),16,512,40.89,1,HP,INTEL
326,DELL G3 15 3000 Series Intel Core i5 8th Gen 8300H - (8 GB + 16 GB Optane/1 TB HDD/Windows 10 Home/4 G...,63990.0,Intel Core i5 Processor (8th Gen),8,1024,39.62,1,DELL,INTEL
327,Lenovo i5 H Series Intel Core i5 11th Gen 11320H - (8 GB/512 GB SSD/Windows 11 Home/4 GB Graphics/NVID...,59990.0,Intel Core i5 Processor (11th Gen),8,512,39.62,1,LENOVO,INTEL
328,HP Victus Intel Core i7 13th Gen 13620H - (24 GB/1 TB SSD/Windows 11 Home/8 GB Graphics/NVIDIA GeForce...,110990.0,Intel Core i7 Processor (13th Gen),24,1024,39.62,1,HP,INTEL
329,"ASUS Gaming V16 (2025) for Creator with Office 2024 + M365 Basic*, AI PC(i5 14th gen) Intel Core 5 210...",106990.0,Intel Core 5 Processor,16,512,40.64,1,ASUS,INTEL
330,ASUS ROG Zephyrus G15 (2021) AMD Ryzen 7 Octa Core 5800HS - (16 GB/1 TB SSD/Windows 10 Home/6 GB Graph...,137990.0,AMD Ryzen 7 Octa Core Processor,16,1024,39.62,1,ASUS,AMD
331,HP OMEN Intel Core i9 13th Gen 13900HX - (16 GB/1 TB SSD/Windows 11 Home/8 GB Graphics/NVIDIA GeForce ...,135000.0,Intel Core i9 Processor (13th Gen),16,1024,40.89,1,HP,INTEL
332,ASUS ROG Strix SCAR 16 (2025) with Office 2024 + M365 Basic* Intel Core Ultra 9 275HX - (32 GB/2 TB SS...,449990.0,Intel Core Ultra 9 Processor,32,2048,40.64,1,ASUS,INTEL
333,HP Omen Intel Core i7 13th Gen 13620H - (16 GB/1 TB SSD/Windows 11 Pro/8 GB Graphics/NVIDIA GeForce RT...,122000.0,Intel Core i7 Processor (13th Gen),16,1024,40.89,1,HP,INTEL
334,HP Victus Intel Core i5 11th Gen 11400H - (8 GB/512 GB SSD/Windows 11 Home/4 GB Graphics/NVIDIA GeForc...,66990.0,Intel Core i5 Processor (11th Gen),8,512,40.89,1,HP,INTEL
335,DELL Alienware Intel Core Ultra 7 155H - (16 GB/1 TB SSD/Windows 11 Home/6 GB Graphics/NVIDIA GeForce ...,153990.0,Intel Core Ultra 7 Processor,16,1024,40.64,1,DELL,INTEL
336,Acer Swift X Intel Core i7 11th Gen 11390H - (16 GB/1 TB SSD/Windows 11 Home/4 GB Graphics/NVIDIA GeFo...,134999.0,Intel Core i7 Processor (11th Gen),16,1024,40.89,1,ACER,INTEL
337,DELL Intel Core i7 13650HX - (16 GB/512 GB SSD/Windows 11 Home/6 GB Graphics/NVIDIA GeForce RTX 4050) ...,135000.0,Intel Core i7 Processor,16,512,39.62,1,DELL,INTEL
338,ASUS ROG Zephyrus G15 AMD Ryzen 9 Octa Core AMD R9-6900HS - (16 GB/1 TB SSD/Windows 11 Home/8 GB Graph...,169990.0,AMD Ryzen 9 Octa Core Processor,16,1024,39.62,1,ASUS,AMD
339,Acer Predator Helios Neo 14 AI PC Intel Core Ultra 7 155H - (16 GB/1 TB SSD/Windows 11 Home/6 GB Graph...,139990.0,Intel Core Ultra 7 Processor,16,1024,36.83,1,ACER,INTEL
340,MSI Titan 18 HX AI Intel Core Ultra 9 285HX - (64 GB/6 TB SSD/Windows 11 Home/24 GB Graphics/NVIDIA Ge...,612990.0,Intel Core Ultra 9 Processor,64,6144,45.72,1,MSI,INTEL
341,ASUS ROG Zephyrus G15 AMD Ryzen 9 Octa Core AMD R9-5900HS - (16 GB/1 TB SSD/Windows 10 Home/6 GB Graph...,135999.0,AMD Ryzen 9 Octa Core Processor,16,1024,39.62,1,ASUS,AMD
342,DELL AMD Ryzen 7 Octa Core 6800H - (16 GB/512 GB SSD/Windows 11 Home/6 GB Graphics/NVIDIA GeForce RTX ...,126990.0,AMD Ryzen 7 Octa Core Processor,16,512,39.62,1,DELL,AMD
343,ASUS ROG Zephyrus G14 (2025) with Office 2024 + M365 Basic* AMD Ryzen AI 9 12 Core HX 370 - (32 GB/2 T...,280311.0,AMD Ryzen AI 9 12 Core Processor,32,2048,35.56,1,ASUS,AMD
344,HP OMEN Intel Core i7 13th Gen 13700HX - (16 GB/1 TB SSD/Windows 11 Home/8 GB Graphics/NVIDIA GeForce ...,192972.0,Intel Core i7 Processor (13th Gen),16,1024,40.64,1,HP,INTEL
345,HP OMEN Intel Core i7 11th Gen 11800H - (16 GB/1 TB SSD/Windows 11 Home/8 GB Graphics/NVIDIA GeForce R...,167990.0,Intel Core i7 Processor (11th Gen),16,1024,40.89,1,HP,INTEL
346,MSI Vector 17 HX AI Intel Core Ultra 9 275HX - (32 GB/2 TB SSD/Windows 11 Home/12 GB Graphics/NVIDIA G...,267990.0,Intel Core Ultra 9 Processor,32,2048,43.18,1,MSI,INTEL
347,Lenovo LOQ Intel Core i5 12th Gen 12450H - (16 GB/512 GB SSD/Windows 11 Home/6 GB Graphics/NVIDIA GeFo...,75990.0,Intel Core i5 Processor (12th Gen),16,512,39.62,1,LENOVO,INTEL
348,MSI Thin 15 Intel Core i7 13th Gen 13620H - (16 GB/512 GB SSD/Windows 11 Home/4 GB Graphics/NVIDIA GeF...,77490.0,Intel Core i7 Processor (13th Gen),16,512,39.62,1,MSI,INTEL
349,HP Intel Core i7 14th Gen - (24 GB/1 TB SSD/Windows 11 Home/8 GB Graphics/NVIDIA GeForce RTX RTX 40 Se...,128001.0,Intel Core i7 Processor (14th Gen),24,1024,40.64,1,HP,INTEL
350,GIGABYTE AORUS MASTER 16 Intel Core Ultra 9 Ultra 9 - (32 GB/2 TB SSD/Windows 11 Home/16 GB Graphics/N...,329990.0,Intel Core Ultra 9 Processor,32,2048,40.64,1,GIGABYTE,INTEL
351,HP Victus Intel Core i5 12th Gen 12450H - (16 GB/1 TB SSD/Windows 11 Home/4 GB Graphics/NVIDIA GeForce...,75000.0,Intel Core i5 Processor (12th Gen),16,1024,39.62,1,HP,INTEL
352,Lenovo LOQ Intel Core i5 12th Gen 12450H - (16 GB/512 GB SSD/Windows 11 Home/8 GB Graphics/NVIDIA GeFo...,93990.0,Intel Core i5 Processor (12th Gen),16,512,39.62,1,LENOVO,INTEL
353,DELL G7 Intel Core i7 10th Gen 10750H - (16 GB/1 TB SSD/Windows 10 Home/6 GB Graphics/NVIDIA GeForce R...,169990.0,Intel Core i7 Processor (10th Gen),16,1024,39.62,1,DELL,INTEL
354,Acer Aspire 5 Gaming Intel Core i5 12th Gen 1240P - (16 GB/512 GB SSD/Windows 11 Home/4 GB Graphics/NV...,64990.0,Intel Core i5 Processor (12th Gen),16,512,39.62,1,ACER,INTEL
355,MSI Vector 16 HX AI A2X Intel Core Ultra 7 14th Gen 255HX - (16 GB/1 TB SSD/Windows 11 Home/12 GB Grap...,219000.0,Intel Core Ultra 7 Processor (14th Gen),16,1024,40.64,1,MSI,INTEL
356,Lenovo IdeaPad Gaming 3 AMD Ryzen 7 Octa Core 7735HS - (16 GB/512 GB SSD/Windows 11 Home/6 GB Graphics...,86990.0,AMD Ryzen 7 Octa Core Processor,16,512,39.62,1,LENOVO,AMD
357,Lenovo IdeaPad Gaming 3 AMD Ryzen 5 Hexa Core 7535HS - (16 GB/512 GB SSD/Windows 11 Home/6 GB Graphics...,70990.0,AMD Ryzen 5 Hexa Core Processor,16,512,39.62,1,LENOVO,AMD
358,Lenovo LOQ 15IRX9. Intel Core i5 13th Gen 13450HX - (16 GB/512 GB SSD/Windows 11 Home/6 GB Graphics/NV...,94990.0,Intel Core i5 Processor (13th Gen),16,512,39.62,1,LENOVO,INTEL
359,HP Victus 15 Intel Core i5 13th Gen 13420H - (16 GB/512 GB SSD/Windows 11 Home/6 GB Graphics/NVIDIA Ge...,91990.0,Intel Core i5 Processor (13th Gen),16,512,39.62,1,HP,INTEL
360,DELL G15 Intel Core i7 13th Gen 13650HX - (16 GB/1 TB SSD/Windows 11 Home/6 GB Graphics/NVIDIA GeForce...,125990.0,Intel Core i7 Processor (13th Gen),16,1024,39.62,1,DELL,INTEL
361,HP Victus Intel Core i7 12th Gen - (8 GB/512 GB SSD/Windows 11 Home/4 GB Graphics/NVIDIA GeForce RTX 3...,70990.0,Intel Core i7 Processor (12th Gen),8,512,39.62,1,HP,INTEL
362,HP OMEN 16 AMD Ryzen 7 Octa Core 7840HS - (16 GB/512 GB SSD/Windows 11 Home/8 GB Graphics/NVIDIA GeFor...,130200.0,AMD Ryzen 7 Octa Core Processor,16,512,40.89,1,HP,AMD
363,HP Victus Intel Core i7 12th Gen 12650H - (16 GB/512 GB SSD/Windows 11 Home/4 GB Graphics/NVIDIA GeFor...,77990.0,Intel Core i7 Processor (12th Gen),16,512,39.62,1,HP,INTEL
364,DELL Alienware Intel Core Ultra 7 155H - (16 GB/1 TB SSD/Windows 11 Home/6 GB Graphics/NVIDIA GeForce ...,142990.0,Intel Core Ultra 7 Processor,16,1024,40.64,1,DELL,INTEL
365,Lenovo IdeaPad Gaming 3 Intel Core i5 11th Gen 11320H - (8 GB/512 GB SSD/Windows 11 Home/4 GB Graphics...,53990.0,Intel Core i5 Processor (11th Gen),8,512,39.62,1,LENOVO,INTEL
366,HP Victus Intel Core i5 13th Gen 13420H - (16 GB/512 GB SSD/Windows 11 Home/4 GB Graphics/NVIDIA GeFor...,71981.0,Intel Core i5 Processor (13th Gen),16,512,39.62,1,HP,INTEL
367,HP OMEN Intel Core i7 14th Gen 14700HX - (16 GB/1 TB SSD/Windows 11 Home/8 GB Graphics/NVIDIA GeForce ...,189599.0,Intel Core i7 Processor (14th Gen),16,1024,40.89,1,HP,INTEL
368,Lenovo LOQ Intel Core i7 13th Gen 13620H - (16 GB/512 GB SSD/Windows 11 Home/8 GB Graphics/NVIDIA GeFo...,116990.0,Intel Core i7 Processor (13th Gen),16,512,39.62,1,LENOVO,INTEL
369,DELL Intel Core i5 13th Gen 13450HX - (16 GB/1 TB SSD/Windows 11 Home/6 GB Graphics/NVIDIA GeForce RTX...,85990.0,Intel Core i5 Processor (13th Gen),16,1024,39.62,1,DELL,INTEL
370,Lenovo IdeaPad Gaming 3 Intel Core i5 12th Gen 12450H - (16 GB/512 GB SSD/Windows 11 Home/4 GB Graphic...,72990.0,Intel Core i5 Processor (12th Gen),16,512,39.62,1,LENOVO,INTEL
371,Lenovo LOQ Intel Core i7 13th Gen 13620H - (16 GB/512 GB SSD/Windows 11 Home/6 GB Graphics/NVIDIA GeFo...,106990.0,Intel Core i7 Processor (13th Gen),16,512,39.62,1,LENOVO,INTEL
372,Lenovo LOQ Intel Core i5 12th Gen 12450H - (16 GB/512 GB SSD/Windows 11 Home/4 GB Graphics/NVIDIA GeFo...,84990.0,Intel Core i5 Processor (12th Gen),16,512,39.62,1,LENOVO,INTEL
373,DELL G15-5530 Intel Core i7 13th Gen 13650HX - (16 GB/1 TB SSD/Windows 11 Home/6 GB Graphics/NVIDIA Ge...,108990.0,Intel Core i7 Processor (13th Gen),16,1024,39.62,1,DELL,INTEL
374,Lenovo Ideapad Gaming 3 Intel Core i5 11th Gen 11320H - (16 GB/512 GB SSD/Windows 11 Home/4 GB Graphic...,69590.0,Intel Core i5 Processor (11th Gen),16,512,39.62,1,LENOVO,INTEL
375,Lenovo IdeaPad Gaming 3 Intel Core i5 11th Gen 11320H - (8 GB/512 GB SSD/Windows 11 Home/4 GB Graphics...,50990.0,Intel Core i5 Processor (11th Gen),8,512,39.62,1,LENOVO,INTEL
376,ASUS TUF Gaming A15 (2025) AMD Ryzen 7 Octa Core 7435HS - (16 GB/512 GB SSD/Windows 11 Home/4 GB Graph...,73990.0,AMD Ryzen 7 Octa Core Processor,16,512,39.62,1,ASUS,AMD
377,Acer Aspire 5 gaming Intel Core i5 12th Gen 1240P - (8 GB/512 GB SSD/Windows 11 Home/4 GB Graphics/NVI...,55862.0,Intel Core i5 Processor (12th Gen),8,512,39.62,1,ACER,INTEL
378,DELL G15-5530 Intel Core i5 13th Gen 13450HX - (8 GB/512 GB SSD/Windows 11 Pro/6 GB Graphics/NVIDIA Ge...,76990.0,Intel Core i5 Processor (13th Gen),8,512,39.62,1,DELL,INTEL
379,Lenovo IdeaPad Gaming 3 Intel Core i5 11th Gen 11300H - (8 GB/512 GB SSD/Windows 11 Home/4 GB Graphics...,68989.0,Intel Core i5 Processor (11th Gen),8,512,39.62,1,LENOVO,INTEL
380,ASUS TUF F16 Intel Core 5 (Series 2) 210H - (32 GB/1 TB SSD/Windows 11 Home/4 GB Graphics/NVIDIA GeFor...,88990.0,Intel Core 5 (Series 2) Processor,32,1024,40.64,1,ASUS,INTEL
381,HP OMEN Intel Core i7 14th Gen 14700HX - (16 GB/1 TB SSD/Windows 11 Home/8 GB Graphics/NVIDIA GeForce ...,165899.0,Intel Core i7 Processor (14th Gen),16,1024,40.89,1,HP,INTEL
382,DELL G15 Intel Core i5 12th Gen 12500H - (16 GB/512 GB SSD/Windows 11 Home/4 GB Graphics/NVIDIA GeForc...,79673.0,Intel Core i5 Processor (12th Gen),16,512,37.85,1,DELL,INTEL
383,HP Victus Intel Core i5 12th Gen 12450H - (16 GB/512 GB SSD/Windows 11 Home/4 GB Graphics/NVIDIA GeFor...,76490.0,Intel Core i5 Processor (12th Gen),16,512,39.62,1,HP,INTEL
384,HP OMEN Intel Core i7 12th Gen 12700H - (16 GB/1 TB SSD/Windows 11 Home/8 GB Graphics/NVIDIA GeForce R...,181599.0,Intel Core i7 Processor (12th Gen),16,1024,40.89,1,HP,INTEL
385,HP OMEN Intel Core i7 12th Gen 12700H - (16 GB/1 TB SSD/Windows 11 Home/6 GB Graphics/NVIDIA GeForce R...,152899.0,Intel Core i7 Processor (12th Gen),16,1024,40.89,1,HP,INTEL
386,ASUS TUF Gaming F15 with 90Whr Battery Intel Core i7 12th Gen 12700H - (16 GB/1 TB SSD/Windows 11 Home...,88790.0,Intel Core i7 Processor (12th Gen),16,1024,39.62,1,ASUS,INTEL
387,HP OMEN Intel Core i7 12th Gen 12700H - (16 GB/1 TB SSD/Windows 11 Home/4 GB Graphics/NVIDIA GeForce R...,108490.0,Intel Core i7 Processor (12th Gen),16,1024,40.89,1,HP,INTEL
388,Lenovo Intel Core i5 13th Gen - (24 GB/512 GB SSD/Windows 11 Home/NVIDIA GeForce RTX RTX 3050 6GB) 83D...,94990.0,Intel Core i5 Processor (13th Gen),24,512,39.62,1,LENOVO,INTEL
389,Lenovo IdeaPad Gaming 3 AMD Ryzen 7 Octa Core 5800H - (16 GB/512 GB SSD/Windows 11 Home/4 GB Graphics/...,85990.0,AMD Ryzen 7 Octa Core Processor,16,512,39.62,1,LENOVO,AMD
390,Lenovo IdeaPad Gaming 3 AMD Ryzen 5 Hexa Core AMD R5-5600H - (8 GB/512 GB SSD/Windows 11 Home/4 GB Gra...,73990.0,AMD Ryzen 5 Hexa Core Processor,8,512,39.62,1,LENOVO,AMD
391,ASUS Intel Core i5 12th Gen - (8 GB/512 GB SSD/Windows 11 Home/4 GB Graphics/NVIDIA GeForce RTX RTX305...,86999.0,Intel Core i5 Processor (12th Gen),8,512,39.62,1,ASUS,INTEL
392,HP Victus Intel Core i5 12th Gen 12450H - (8 GB/512 GB SSD/Windows 11 Pro/4 GB Graphics/NVIDIA GeForce...,64990.0,Intel Core i5 Processor (12th Gen),8,512,39.62,1,HP,INTEL
393,Lenovo IdeaPad Gaming 3 Intel Core i5 11th Gen 11300H - (8 GB/512 GB SSD/Windows 11 Home/4 GB Graphics...,71950.0,Intel Core i5 Processor (11th Gen),8,512,39.62,1,LENOVO,INTEL
394,Lenovo IdeaPad Gaming 3 AMD Ryzen 5 Hexa Core 5600H - (8 GB/512 GB SSD/Windows 11 Home/4 GB Graphics/N...,69990.0,AMD Ryzen 5 Hexa Core Processor,8,512,39.62,1,LENOVO,AMD
395,Lenovo IdeaPad Gaming 3 Intel Intel Core i5 11th Gen 11300H - (8 GB/512 GB SSD/Windows 10 Home/4 GB Gr...,66990.0,Intel Core i5 Processor (11th Gen),8,512,39.62,1,LENOVO,INTEL
396,Lenovo IdeaPad Gaming 3 Intel Intel Core i5 12th Gen 12450H - (8 GB/512 GB SSD/Windows 11 Home/4 GB Gr...,89590.0,Intel Core i5 Processor (12th Gen),8,512,39.62,1,LENOVO,INTEL
397,MSI Creator 15 Intel Core i7 10th Gen 10875H - (32 GB/1 TB SSD/Windows 10 Home/8 GB Graphics/NVIDIA Ge...,214990.0,Intel Core i7 Processor (10th Gen),32,1024,39.62,1,MSI,INTEL
398,DELL G15 Intel Core i7 12th Gen 12700H - (16 GB/512 GB SSD/Windows 11 Home/4 GB Graphics/NVIDIA GeForc...,115990.0,Intel Core i7 Processor (12th Gen),16,512,39.62,1,DELL,INTEL
399,DELL G15 Intel Core i5 12th Gen 12500H - (8 GB/512 GB SSD/Windows 11 Home/4 GB Graphics/NVIDIA GeForce...,88990.0,Intel Core i5 Processor (12th Gen),8,512,39.62,1,DELL,INTEL
400,"ASUS Gaming V16 (2025) for Creator with Office 2024 + M365 Basic*, AI PC(i7 14th gen) Intel Core 7 240...",114404.0,Intel Core 7 Processor,16,512,40.64,1,ASUS,INTEL
401,ASUS ROG Strix G16 Intel Core i9 14th Gen 14900HX - (16 GB/1 TB SSD/Windows 11 Home/8 GB Graphics/NVID...,199990.0,Intel Core i9 Processor (14th Gen),16,1024,40.64,1,ASUS,INTEL
402,"ASUS Vivobook 16X (2025) for Creator with Office 2024 + M365 Basic, Intel Core i5 13th Gen 13420H - (1...",65465.0,Intel Core i5 Processor (13th Gen),16,512,40.64,1,ASUS,INTEL
403,"ASUS Vivobook 14X For Creator, Intel H-Series Intel Core i5 13th Gen 13500H - (16 GB/512 GB SSD/Window...",69500.0,Intel Core i5 Processor (13th Gen),16,512,35.56,1,ASUS,INTEL
404,Lenovo IdeaPad Pro 5 2K OLED AI PC Intel Core Ultra 7 155H - (16 GB/1 TB SSD/Windows 11 Home/6 GB Grap...,129990.0,Intel Core Ultra 7 Processor,16,1024,40.64,1,LENOVO,INTEL
405,"ASUS ROG Zephyrus G16 OLED Powered, Intel EVO H Series, 90WHrs Battery AI PC Intel Core Ultra 7 155H -...",175190.0,Intel Core Ultra 7 Processor,16,1024,40.64,1,ASUS,INTEL
406,GIGABYTE Intel Core i7 13th Gen 13700H - (16 GB/1 TB SSD/Windows 11 Home/8 GB Graphics/NVIDIA GeForce ...,215300.0,Intel Core i7 Processor (13th Gen),16,1024,39.62,1,GIGABYTE,INTEL
407,GIGABYTE Intel Core i5 12th Gen 12500H - (16 GB/1 TB SSD/Windows 11 Home/8 GB Graphics/NVIDIA GeForce ...,149990.0,Intel Core i5 Processor (12th Gen),16,1024,39.62,1,GIGABYTE,INTEL
408,GIGABYTE Intel Core i5 12th Gen 12500H - (16 GB/512 GB SSD/Windows 11 Home/8 GB Graphics/NVIDIA GeForc...,116990.0,Intel Core i5 Processor (12th Gen),16,512,39.62,1,GIGABYTE,INTEL
409,"ASUS Vivobook 16X for Creator, Intel Core i5 12th Gen 12500H - (16 GB/512 GB SSD/Windows 11 Home/6 GB ...",89990.0,Intel Core i5 Processor (12th Gen),16,512,40.64,1,ASUS,INTEL
410,ASUS TUF Gaming A15 (2025) AMD Ryzen 7 Hexa Core 7435HS - (16 GB/512 GB SSD/Windows 11 Home/4 GB Graph...,74003.0,AMD Ryzen 7 Hexa Core Processor,16,512,39.62,1,ASUS,AMD
411,MSI VenturePro 15 AI Intel Core Ultra 7 155H - (16 GB/1 TB SSD/Windows 11 Home/6 GB Graphics/NVIDIA Ge...,109990.0,Intel Core Ultra 7 Processor,16,1024,39.62,1,MSI,INTEL
412,Acer Aspire 3 (2025) Intel Core i5 13th Gen 1334U - (16 GB/512 GB SSD/Windows 11 Home) Aspire 3 A325-5...,47690.0,Intel Core i5 Processor (13th Gen),16,512,39.62,1,ACER,INTEL
413,ASUS ROG Ally AMD Ryzen Z1 Octa Core Extreme - (16 GB/512 GB SSD/Windows 11 Home) RC71L-NH001W Handhel...,39990.0,AMD Ryzen Z1 Octa Core Processor,16,512,17.78,1,ASUS,AMD
414,HP 15 (2025) AMD Ryzen 3 Quad Core 7320U - (8 GB/512 GB SSD/Windows 11 Pro) 15 Thin and Light Laptop,35400.0,AMD Ryzen 3 Quad Core Processor,8,512,39.62,1,HP,AMD
415,HP 255 G10 AMD Athlon Dual Core 7120U - (8 GB/256 GB SSD/Windows 11 Home) 255 G10 Thin and Light Lapto...,34980.0,AMD Athlon Dual Core Processor,8,256,39.62,1,HP,AMD
416,Lenovo Legion Go AMD Ryzen Z1 Extreme - (16 GB/512 GB SSD/Windows 11 Home) 8APU1 Handheld Gaming PC,69990.0,AMD Ryzen Z1 Extreme Processor,16,512,22.35,1,LENOVO,AMD
417,HP 15 (2025) AMD Ryzen 3 Quad Core 7320U - (16 GB/512 GB SSD/Windows 11 Home) 15 Thin and Light Laptop,41990.0,AMD Ryzen 3 Quad Core Processor,16,512,39.62,1,HP,AMD
418,HP 255R G10 (2025) Professional AMD Ryzen 3 Quad Core 7335U - (8 GB/512 GB SSD/Windows 11 Pro) 255R G1...,35990.0,AMD Ryzen 3 Quad Core Processor,8,512,39.62,1,HP,AMD
419,HP 255R G10 (2025) Professional AMD Ryzen 3 Quad Core 7335U - (8 GB/512 GB SSD/Windows 11 Home) 255R G...,33500.0,AMD Ryzen 3 Quad Core Processor,8,512,39.62,1,HP,AMD
420,HP 15 (2025) AMD Athlon Dual Core 7120U - (8 GB/256 GB SSD/Windows 11 Home) 15 Thin and Light Laptop,30990.0,AMD Athlon Dual Core Processor,8,256,39.62,1,HP,AMD
421,Lenovo IdeaPad Slim 3 AMD Ryzen 7 Octa Core - (16 GB/512 GB SSD/Windows 11 Home) IdeaPad Slim 3 15AHP1...,67490.0,AMD Ryzen 7 Octa Core Processor,16,512,38.86,1,LENOVO,AMD
422,HP 15R (2025) Intel Core i3 13th Gen 1315U - (16 GB/512 GB SSD/Windows 11 Home) 15R G9 Thin and Light ...,45497.0,Intel Core i3 Processor (13th Gen),16,512,39.62,1,HP,INTEL
423,HP 15 (2025) AMD Ryzen 3 Quad Core 7320U - (16 GB/512 GB SSD/Windows 11 Home) 15 Thin and Light Laptop,42990.0,AMD Ryzen 3 Quad Core Processor,16,512,39.62,1,HP,AMD
424,Acer TravelLite (2025) Intel Core i5 13th Gen 1334U - (16 GB/512 GB SSD/Windows 11 Home) TL04-51M Thin...,47600.0,Intel Core i5 Processor (13th Gen),16,512,35.56,1,ACER,INTEL
425,Acer 3 Years Warranty Aspire 3 (2025) Intel Core i3 13th Gen 1305U - (16 GB/512 GB SSD/Windows 11 Home...,38590.0,Intel Core i3 Processor (13th Gen),16,512,39.62,1,ACER,INTEL
426,Acer 3 Years Warranty Aspire 3 (2025) Intel Core i3 13th Gen 1305U - (16 GB/512 GB SSD/Windows 11 Home...,39990.0,Intel Core i3 Processor (13th Gen),16,512,39.62,1,ACER,INTEL
427,Acer Aspire 3 (2025) Intel Core i3 13th Gen 1305U - (16 GB/512 GB SSD/Windows 11 Home) Aspire 3 A325-5...,38990.0,Intel Core i3 Processor (13th Gen),16,512,39.62,1,ACER,INTEL
428,Acer 3 Years Warranty Aspire Lite (2025) Intel Core i5 13th Gen 1334U - (16 GB/512 GB SSD/Windows 11 H...,50990.0,Intel Core i5 Processor (13th Gen),16,512,39.62,1,ACER,INTEL
429,HP 15R (2025) Intel Core i3 13th Gen 1315U - (8 GB/512 GB SSD/Windows 11 Pro) 15R G9 Thin and Light La...,39899.0,Intel Core i3 Processor (13th Gen),8,512,39.62,1,HP,INTEL
430,HP Intel Core i5 13th Gen - (16 GB/512 GB SSD/Windows 11 Home/Intel Integrated intel hd) 14-ek1074TU 2...,76100.0,Intel Core i5 Processor (13th Gen),16,512,35.56,1,HP,INTEL
431,HP 255R G10 (2025) Professional AMD Ryzen 3 Quad Core 7335U - (16 GB/512 GB SSD/Windows 11 Home) 255R ...,39990.0,AMD Ryzen 3 Quad Core Processor,16,512,39.62,1,HP,AMD
432,HP 255R G10 (2025) Professional AMD Ryzen 3 Quad Core 7335U - (16 GB/512 GB SSD/Windows 11 Pro) 255R G...,38990.0,AMD Ryzen 3 Quad Core Processor,16,512,39.62,1,HP,AMD
433,HP 15R (2025) Intel Core i3 13th Gen 1315U - (8 GB/512 GB SSD/Windows 11 Home) 15R G9 Thin and Light L...,39499.0,Intel Core i3 Processor (13th Gen),8,512,39.62,1,HP,INTEL
434,HP 15R (2025) Intel Core i3 13th Gen 1315U - (16 GB/512 GB SSD/Windows 11 Home) 15R G9 Thin and Light ...,42799.0,Intel Core i3 Processor (13th Gen),16,512,39.62,1,HP,INTEL
435,ASUS Vivobook Pro 16X OLED (2021) AMD Ryzen 9 Octa Core 5900HX - (16 GB/1 TB SSD/Windows 10 Home/4 GB ...,162990.0,AMD Ryzen 9 Octa Core Processor,16,1024,40.64,1,ASUS,AMD
436,HP 15 (2025) AMD Ryzen 3 Quad Core 7320U - (8 GB/512 GB SSD/Windows 11 Home) 15 Thin and Light Laptop,35990.0,AMD Ryzen 3 Quad Core Processor,8,512,39.62,1,HP,AMD
437,Acer 3 Years Warranty Aspire 3 (2025) Intel Core i3 13th Gen 1305U - (24 GB/512 GB SSD/Windows 11 Home...,42990.0,Intel Core i3 Processor (13th Gen),24,512,39.62,1,ACER,INTEL
438,HP Intel Core Ultra 7 - (24 GB/1 TB SSD/Windows 11 Home) 14-ep1181TU Thin and Light Laptop,84990.0,Intel Core Ultra 7 Processor,24,1024,35.56,1,HP,INTEL
439,Acer NITRO V15 Intel Core i7 13th Gen - (16 GB/512 GB SSD/Windows 11 Home/8 GB Graphics) ANV15-52 Note...,135399.0,Intel Core i7 Processor (13th Gen),16,512,39.62,1,ACER,INTEL
440,HP 255 G10 (2025) AMD Athlon Dual Core 7120U - (8 GB/256 GB SSD/Windows 11 Pro) 255 G10 Thin and Light...,30500.0,AMD Athlon Dual Core Processor,8,256,39.62,1,HP,AMD
441,HP AMD Ryzen 5 Hexa Core 7530U - (8 GB/512 GB SSD/Windows 11 Home) 15-fh0014AU Laptop,78990.0,AMD Ryzen 5 Hexa Core Processor,8,512,39.62,1,HP,AMD
442,HP 15 G10 (2025) AMD Athlon Dual Core 7120U - (8 GB/256 GB SSD/Windows 11 Home) 15 G10 Thin and Light ...,35750.0,AMD Athlon Dual Core Processor,8,256,39.62,1,HP,AMD
443,Acer ALG Intel Core i5 13th Gen Core i5-13420H - (16 GB/512 GB SSD/Windows 11 Home/6 GB Graphics) AL15...,65800.0,Intel Core i5 Processor (13th Gen),16,512,39.62,1,ACER,INTEL
444,Acer Aspire Lite (2025) AMD Ryzen 7 Octa Core 5700U - (16 GB/512 GB SSD/Windows 11 Home) AL15-41 Thin ...,47990.0,AMD Ryzen 7 Octa Core Processor,16,512,39.62,1,ACER,AMD
445,HP AMD Ryzen 5 Hexa Core - (8 GB/512 GB SSD/Windows 11 Home/4 GB Graphics) 15-FB1001AX Laptop,68999.0,AMD Ryzen 5 Hexa Core Processor,8,512,39.62,1,HP,AMD
446,Acer Swift X Intel Core i5 11th Gen 11320H - (16 GB/512 GB SSD/Windows 11 Home/4 GB Graphics) SFX16-51...,60899.0,Intel Core i5 Processor (11th Gen),16,512,40.89,1,ACER,INTEL
447,Lenovo IdeaPad Slim 5i Intel Core i5 11th Gen 1135G7 - (16 GB/512 GB SSD/Windows 11 Home/2 GB Graphics...,62999.0,Intel Core i5 Processor (11th Gen),16,512,39.62,1,LENOVO,INTEL
448,HP 250R G9 (2025) Intel Core i3 13th Gen 1315U - (32 GB/512 GB SSD/Windows 11 Home) 250R Thin and Ligh...,48990.0,Intel Core i3 Processor (13th Gen),32,512,39.62,1,HP,INTEL
449,ASUS ROG Flow Z13 Intel Core i5 12th Gen 12500H - (16 GB/512 GB SSD/Windows 11 Home/NA/120 Hz) GZ301ZA...,175599.0,Intel Core i5 Processor (12th Gen),16,512,34.04,1,ASUS,INTEL
450,Lenovo LOQ Intel Core i7 13th Gen Intel® Core i7-13650HX - (24 GB/512 GB SSD/Windows 11 Home/8 GB Grap...,113890.0,Intel Core i7 Processor (13th Gen),24,512,39.62,1,LENOVO,INTEL
451,HP 15 (2025) AMD Athlon Dual Core 7120U - (8 GB/256 GB SSD/Windows 11 Pro) 15 Thin and Light Laptop,34590.0,AMD Athlon Dual Core Processor,8,256,39.62,1,HP,AMD
452,Lenovo Intel Core i7 13th Gen - (16 GB/512 GB SSD/Windows 11 Home) 83K100CJIN Laptop,70200.0,Intel Core i7 Processor (13th Gen),16,512,38.86,1,LENOVO,INTEL
453,HP 15 (2025) AMD Ryzen 5 Quad Core 7520U - (8 GB/512 GB SSD/Windows 11 Home) 15 G10 Thin and Light Lap...,44891.0,AMD Ryzen 5 Quad Core Processor,8,512,39.62,1,HP,AMD
454,HP Intel Core Ultra 5 - (16 GB/512 GB SSD/Windows 11 Home) 14-ep1150TU Thin and Light Laptop,68990.0,Intel Core Ultra 5 Processor,16,512,35.56,1,HP,INTEL
455,HP Pavilion Plus Intel Core i5 13th Gen 13500H - (16 GB/512 GB SSD/Windows 11 Home/6 GB Graphics) 16-A...,84990.0,Intel Core i5 Processor (13th Gen),16,512,40.64,1,HP,INTEL
456,ASUS Vivobook 16X (2025) Intel Core i5 13th Gen 13420H - (16 GB/512 GB SSD/Windows 11 Home/4 GB Graphi...,70990.0,Intel Core i5 Processor (13th Gen),16,512,40.64,1,ASUS,INTEL
457,ASUS ROG Flow Z13 (2025) with Office 2024 + M365 Basic* AMD Ryzen AI Max 390 - (32 GB/1 TB SSD/Windows...,239990.0,AMD Ryzen AI Max Processor,32,1024,34.04,1,ASUS,AMD
458,HP Intel Core i7 13th Gen 1355U - (16 GB/512 GB SSD/Windows 11 Home/4 GB Graphics) 15-fe0011TX Laptop,125990.0,Intel Core i7 Processor (13th Gen),16,512,39.62,1,HP,INTEL
459,DELL XPS Intel Core Ultra 7 155H - (32 GB/1 TB SSD/Windows 11 Home/6 GB Graphics/NVIDIA GeForce RTX 40...,243990.0,Intel Core Ultra 7 Processor,32,1024,36.83,1,DELL,INTEL
460,HP Pavilion 14 AMD Ryzen 7 Octa Core 5700U - (16 GB/512 GB SSD/Windows 11 Home/2 GB Graphics) 14-EC000...,78899.0,AMD Ryzen 7 Octa Core Processor,16,512,35.56,1,HP,AMD
461,ASUS Vivobook 16X (2025) Intel Core i5 13th Gen 13420H - (16 GB/512 GB SSD/Windows 11 Home/4 GB Graphi...,79990.0,Intel Core i5 Processor (13th Gen),16,512,40.64,1,ASUS,INTEL
462,DELL Intel Core i5 11th Gen - (16 GB/512 GB SSD/Windows 10 Home/2 GB Graphics) 3511 Laptop,72480.0,Intel Core i5 Processor (11th Gen),16,512,39.62,1,DELL,INTEL
463,Lenovo AMD Ryzen 7 Octa Core 7435HS - (24 GB/512 GB SSD/Windows 11 Home/6 GB Graphics/NVIDIA GeForce R...,109000.0,AMD Ryzen 7 Octa Core Processor,24,512,39.62,1,LENOVO,AMD
